DF1000013038,项目合作形式,QH31,VARCHAR,N,N,,,200,,TB11762018,SR10422013.DB10572015.TB11762018.DF1000013038,kejiting,22-MAR-18 11.30.51.304000000 AM,,,,,,N,N,公开
DF1000013039,成果形式1,QH21,VARCHAR,N,N,,,200,,TB11762018,SR10422013.DB10572015.TB11762018.DF1000013039,kejiting,22-MAR-18 11.30.51.304000000 AM,,,,,,N,N,公开
DF1000013040,技术经济目标,QH32,VARCHAR,N,N,,,200,,TB11762018,SR10422013.DB10572015.TB11762018.DF1000013040,kejiting,22-MAR-18 11.30.51.320000000 AM,,,,,,N,N,公开
DF1000013041,活动类型,QH33,VARCHAR,N,N,,,200,,TB11762018,SR10422013.DB10572015.TB11762018.DF1000013041,kejiting,22-MAR-18 11.30.51.335000000 AM,,,,,,N,N,公开
DF1000013042,项目起始时间,QH34,VARCHAR,N,N,,,200,,TB11762018,SR10422013.DB10572015.TB11762018.DF1000013042,kejiting,22-MAR-18 11.30.51.335000000 AM,,,,,,N,N,公开
DF1000013032,主键,ID,NUMBER,Y,N,N,Y,,,TB11762018,SR10422013.DB10572015.TB11762018.DF1000013032,kejiting,22-MAR-18 11.30.51.241000000 AM,7,30,,,,N,N,公开
DF1000013043,项目完成时间,QH35,VARCHAR,N,N,,,200,,TB11762018,SR10422013.DB10572015.TB11762018.DF1000013043,kejiting,22-MAR-18 11.30.51.351000000 AM,,,,,,N,N,公开
DF1000013044,跨年项目所处进展阶段,QH36,VARCHAR,N,N,,,200,,TB11762018,SR10422013.DB10572015.TB11762018.DF1000013044,kejiting,22-MAR-18 11.30.51.351000000 AM,,,,,,N,N,公开
DF1000013045,参加项目人员,QH44,VARCHAR,N,N,,,200,,TB11762018,SR10422013.DB10572015.TB11762018.DF1000013045,kejiting,22-MAR-18 11.30.51.366000000 AM,,,,,人,Y,N,公开
DF1000013046,项目人员实际工作时间,QH40,VARCHAR,N,N,,,200,,TB11762018,SR10422013.DB10572015.TB11762018.DF1000013046,kejiting,22-MAR-18 11.30.51.366000000 AM,,,,,人月,N,N,公开
DF1000013047,项目经费内部支出,QH51,VARCHAR,N,N,,,200,,TB11762018,SR10422013.DB10572015.TB11762018.DF1000013047,kejiting,22-MAR-18 11.30.51.382000000 AM,,,,,千元,N,N,公开
DF1000012806,主键,ID,NUMBER,Y,N,N,Y,,,TB11742018,SR10422013.DB10532014.TB11742018.DF1000012806,kejiting,22-MAR-18 11.14.59.107000000 AM,7,30,,,,N,N,公开
DF1000012807,调查单位名称,SNAME,VARCHAR,N,N,,,200,,TB11742018,SR10422013.DB10532014.TB11742018.DF1000012807,kejiting,22-MAR-18 11.14.59.139000000 AM,,,,,,N,N,公开
DF1000012808,地址,SADDRESS,VARCHAR,N,N,,,200,,TB11742018,SR10422013.DB10532014.TB11742018.DF1000012808,kejiting,22-MAR-18 11.14.59.140000000 AM,,,,,,N,N,公开
DF1000012809,所属地域,SBELONGWHERE,VARCHAR,N,N,,,200,,TB11742018,SR10422013.DB10532014.TB11742018.DF1000012809,kejiting,22-MAR-18 11.14.59.155000000 AM,,,,,,N,N,公开
DF1000012810,项目名称,XMMC,VARCHAR,N,N,,,200,,TB11742018,SR10422013.DB10532014.TB11742018.DF1000012810,kejiting,22-MAR-18 11.14.59.155000000 AM,,,,,,N,Y,公开
DF1000012811,来源,QH11,VARCHAR,N,N,,,200,,TB11742018,SR10422013.DB10532014.TB11742018.DF1000012811,kejiting,22-MAR-18 11.14.59.171000000 AM,,,,,,N,N,公开
DF1000012812,项目合作形式,QH31,VARCHAR,N,N,,,200,,TB11742018,SR10422013.DB10532014.TB11742018.DF1000012812,kejiting,22-MAR-18 11.14.59.171000000 AM,,,,,,N,N,公开
DF1000012813,项目成果形式,QH21,VARCHAR,N,N,,,200,,TB11742018,SR10422013.DB10532014.TB11742018.DF1000012813,kejiting,22-MAR-18 11.14.59.186000000 AM,,,,,,N,N,公开
DF1000012814,技术经济目标,QH32,VARCHAR,N,N,,,200,,TB11742018,SR10422013.DB10532014.TB11742018.DF1000012814,kejiting,22-MAR-18 11.14.59.186000000 AM,,,,,,N,N,公开
DF1000012815,活动类型,QH33,VARCHAR,N,N,,,200,,TB11742018,SR10422013.DB10532014.TB11742018.DF1000012815,kejiting,22-MAR-18 11.14.59.202000000 AM,,,,,,N,N,公开
DF1000011658,年末所有者权益（股东权益）_其中：实收资本(股本）_其中：企业上市融资股本_其中：企业海外上市融资股本,QC50,VARCHAR,N,N,,,200,,TB11622018,SR10422013.DB10562012.TB11622018.DF1000011658,kejiting,20-MAR-18 01.19.49.632000000 PM,,,,,,N,N,公开
DF1000011659,年末所有者权益_其中：实收资本(股本）_其中：国家资本,QC35,VARCHAR,N,N,,,200,,TB11622018,SR10422013.DB10562012.TB11622018.DF1000011659,kejiting,20-MAR-18 01.19.49.632000000 PM,,,,,,N,N,公开
DF1000011660, 年末所有者权益_其中：实收资本(股本）_其中：集体资本,QC45,VARCHAR,N,N,,,200,,TB11622018,SR10422013.DB10562012.TB11622018.DF1000011660,kejiting,20-MAR-18 01.19.49.648000000 PM,,,,,,N,N,公开
DF1000011661, 年末所有者权益_其中：实收资本(股本）_其中：法人资本,QC46,VARCHAR,N,N,,,200,,TB11622018,SR10422013.DB10562012.TB11622018.DF1000011661,kejiting,20-MAR-18 01.19.49.648000000 PM,,,,,,N,N,公开
DF1000011662,年末所有者权益_其中：实收资本(股本）_其中：个人资本,QC47,VARCHAR,N,N,,,200,,TB11622018,SR10422013.DB10562012.TB11622018.DF1000011662,kejiting,20-MAR-18 01.19.49.663000000 PM,,,,,,N,N,公开
DF1000011663,年末所有者权益_其中：实收资本(股本）_其中：港澳台资本,QC48,VARCHAR,N,N,,,200,,TB11622018,SR10422013.DB10562012.TB11622018.DF1000011663,kejiting,20-MAR-18 01.19.49.663000000 PM,,,,,,N,N,公开
DF1000011664,年末所有者权益_其中：实收资本(股本）_其中：外商资本,QC36,VARCHAR,N,N,,,200,,TB11622018,SR10422013.DB10562012.TB11622018.DF1000011664,kejiting,20-MAR-18 01.19.49.679000000 PM,,,,,,N,N,公开
DF1000011665,对境外直接投资额,QC39,VARCHAR,N,N,,,200,,TB11622018,SR10422013.DB10562012.TB11622018.DF1000011665,kejiting,20-MAR-18 01.19.49.679000000 PM,,,,,,N,N,公开
DF1000011666,本年完成固定资产投资额,QC40,VARCHAR,N,N,,,200,,TB11622018,SR10422013.DB10562012.TB11622018.DF1000011666,kejiting,20-MAR-18 01.19.49.694000000 PM,,,,,,N,N,公开
DF1000011667,规模以上工业企业综合能源消费量(煤炭、石油、天然气、电等),QC41,VARCHAR,N,N,,,200,,TB11622018,SR10422013.DB10562012.TB11622018.DF1000011667,kejiting,20-MAR-18 01.19.49.694000000 PM,,,,,吨标准煤,N,N,公开
DF1000011668,2012年是否已列入“营业税改增值税”企业范围,QC70,VARCHAR,N,N,,,200,,TB11622018,SR10422013.DB10562012.TB11622018.DF1000011668,kejiting,20-MAR-18 01.19.49.710000000 PM,,,,,,N,N,公开
DF1000011669,2011年营业税税率,QC70_1,VARCHAR,N,N,,,200,,TB11622018,SR10422013.DB10562012.TB11622018.DF1000011669,kejiting,20-MAR-18 01.19.49.710000000 PM,,,,,,N,N,公开
DF1000011670,2012年改征增值税税率,QC70_2,VARCHAR,N,N,,,200,,TB11622018,SR10422013.DB10562012.TB11622018.DF1000011670,kejiting,20-MAR-18 01.19.49.726000000 PM,,,,,,N,N,公开
DF1000011671,2012年度实际税负,QC71,VARCHAR,N,N,,,200,,TB11622018,SR10422013.DB10562012.TB11622018.DF1000011671,kejiting,20-MAR-18 01.19.49.726000000 PM,,,,,,N,N,公开
DF1000011672,2012年度实际税负增加额,QC71_1,VARCHAR,N,N,,,200,,TB11622018,SR10422013.DB10562012.TB11622018.DF1000011672,kejiting,20-MAR-18 01.19.49.741000000 PM,,,,,,N,N,公开
DF1000011673,2012年度实际税负减少额,QC71_2,VARCHAR,N,N,,,200,,TB11622018,SR10422013.DB10562012.TB11622018.DF1000011673,kejiting,20-MAR-18 01.19.49.741000000 PM,,,,,,N,N,公开
DF1000011674,年末从业人员,QD01,VARCHAR,N,N,,,200,,TB11622018,SR10422013.DB10562012.TB11622018.DF1000011674,kejiting,20-MAR-18 01.19.49.757000000 PM,,,,,人,N,N,公开
DF1000011675,年末从业人员_其中：留学归国人员,QD03,VARCHAR,N,N,,,200,,TB11622018,SR10422013.DB10562012.TB11622018.DF1000011675,kejiting,20-MAR-18 01.19.49.757000000 PM,,,,,人,N,N,公开
DF1000011676,年末从业人员_其中：留学归国人员_其中：硕士以上,QD04,VARCHAR,N,N,,,200,,TB11622018,SR10422013.DB10562012.TB11622018.DF1000011676,kejiting,20-MAR-18 01.19.49.772000000 PM,,,,,人,N,N,公开
DF1000011677,年末从业人员_其中：工程技术人员,QD23,VARCHAR,N,N,,,200,,TB11622018,SR10422013.DB10562012.TB11622018.DF1000011677,kejiting,20-MAR-18 01.19.49.772000000 PM,,,,,人,N,N,公开
DF1000011678,年末从业人员_其中：外籍常驻人员,QD25,VARCHAR,N,N,,,200,,TB11622018,SR10422013.DB10562012.TB11622018.DF1000011678,kejiting,20-MAR-18 01.19.49.788000000 PM,,,,,人,N,N,公开
DF1000011679,年末从业人员_其中：引进外籍专家,QD21,VARCHAR,N,N,,,200,,TB11622018,SR10422013.DB10562012.TB11622018.DF1000011679,kejiting,20-MAR-18 01.19.49.788000000 PM,,,,,人,N,N,公开
DF1000011817,,QH_ONE,VARCHAR,N,N,,,200,,TB11642018,SR10422013.DB10562012.TB11642018.DF1000011817,kejiting,20-MAR-18 01.41.34.699000000 PM,,,,,个,N,N,公开
DF1000011818,,PXH,VARCHAR,N,N,,,200,,TB11642018,SR10422013.DB10562012.TB11642018.DF1000011818,kejiting,20-MAR-18 01.41.34.699000000 PM,,,,,件,N,N,公开
DF1000012028,数据代表地域,TB_REGION,VARCHAR,N,N,N,N,200,,TB11652018,SR10422013.DB10562012.TB11652018.DF1000012028,kejiting,20-MAR-18 01.54.46.000000000 PM,,,,,,,,
DF1000011699,科技活动人员合计_其中:女性,QJ66,VARCHAR,N,N,,,200,,TB11622018,SR10422013.DB10562012.TB11622018.DF1000011699,kejiting,20-MAR-18 01.19.49.944000000 PM,,,,,,N,N,公开
DF1000012548,数据代表时间,TB_TIME,VARCHAR,N,N,N,N,200,,TB11702018,SR10422013.DB10552013.TB11702018.DF1000012548,kejiting,22-MAR-18 10.37.06.000000000 AM,,,,,,,,
DF1000012579,数据代表地域,TB_REGION,VARCHAR,N,N,N,N,200,,TB11712018,SR10422013.DB10552013.TB11712018.DF1000012579,kejiting,22-MAR-18 10.52.33.000000000 AM,,,,,,,,
DF1000012580,数据代表时间,TB_TIME,VARCHAR,N,N,N,N,200,,TB11712018,SR10422013.DB10552013.TB11712018.DF1000012580,kejiting,22-MAR-18 10.52.33.000000000 AM,,,,,,,,
DF1000012599,数据代表地域,TB_REGION,VARCHAR,N,N,N,N,200,,TB11722018,SR10422013.DB10552013.TB11722018.DF1000012599,kejiting,22-MAR-18 10.59.06.000000000 AM,,,,,,,,
DF1000012600,数据代表时间,TB_TIME,VARCHAR,N,N,N,N,200,,TB11722018,SR10422013.DB10552013.TB11722018.DF1000012600,kejiting,22-MAR-18 10.59.06.000000000 AM,,,,,,,,
DF1000012822,数据代表地域,TB_REGION,VARCHAR,N,N,N,N,200,,TB11742018,SR10422013.DB10532014.TB11742018.DF1000012822,kejiting,22-MAR-18 11.15.13.000000000 AM,,,,,,,,
DF1000012823,数据代表时间,TB_TIME,VARCHAR,N,N,N,N,200,,TB11742018,SR10422013.DB10532014.TB11742018.DF1000012823,kejiting,22-MAR-18 11.15.13.000000000 AM,,,,,,,,
DF1000013030,数据代表地域,TB_REGION,VARCHAR,N,N,N,N,200,,TB11752018,SR10422013.DB10572015.TB11752018.DF1000013030,kejiting,22-MAR-18 11.23.28.000000000 AM,,,,,,,,
DF1000013031,数据代表时间,TB_TIME,VARCHAR,N,N,N,N,200,,TB11752018,SR10422013.DB10572015.TB11752018.DF1000013031,kejiting,22-MAR-18 11.23.28.000000000 AM,,,,,,,,
DF1000010861,调查单位名称,SNAME,VARCHAR,N,N,,,200,,TB11532018,SR10422013.DB10522016.TB11532018.DF1000010861,kejiting,19-MAR-18 02.55.07.462000000 PM,,,,,年,河北省,2016年,公开
DF1000010862,企业通讯地址,QA05,VARCHAR,N,N,,,200,,TB11532018,SR10422013.DB10522016.TB11532018.DF1000010862,kejiting,19-MAR-18 02.55.07.478000000 PM,,,,,,河北省,2016年,公开
DF1000029324,联系电话1,GK361,VARCHAR,N,N,,,200,,TB16042018,SR10422029.DB11222016.TB16042018.DF1000029324,admin,15-JUL-18 05.05.21.000000000 PM,,,,,,N,N,公开
DF1000029325,联系电话2,GK362,VARCHAR,N,N,,,200,,TB16042018,SR10422029.DB11222016.TB16042018.DF1000029325,admin,15-JUL-18 05.05.21.000000000 PM,,,,,人,N,N,公开
DF1000029326,是否初次承担省级项目1,GK371,VARCHAR,N,N,,,200,,TB16042018,SR10422029.DB11222016.TB16042018.DF1000029326,admin,15-JUL-18 05.05.21.000000000 PM,,,,,人,N,N,公开
DF1000029327,是否初次承担省级项目2,GK372,VARCHAR,N,N,,,200,,TB16042018,SR10422029.DB11222016.TB16042018.DF1000029327,admin,15-JUL-18 05.05.21.000000000 PM,,,,,人,N,N,公开
DF1000029328,批准建设日期,GK50,VARCHAR,N,N,,,200,,TB16042018,SR10422029.DB11222016.TB16042018.DF1000029328,admin,15-JUL-18 05.05.21.000000000 PM,,,,,人,N,N,公开
DF1000029329,验收日期,GK51,VARCHAR,N,N,,,200,,TB16042018,SR10422029.DB11222016.TB16042018.DF1000029329,admin,15-JUL-18 05.05.21.000000000 PM,,,,,人,N,N,公开
DF1000029330,职称,GK93,VARCHAR,N,N,,,200,,TB16042018,SR10422029.DB11222016.TB16042018.DF1000029330,admin,15-JUL-18 05.05.21.000000000 PM,,,,,人,N,N,公开
DF1000029331,从事专业,GK38,VARCHAR,N,N,,,200,,TB16042018,SR10422029.DB11222016.TB16042018.DF1000029331,admin,15-JUL-18 05.05.21.000000000 PM,,,,,人,N,N,公开
DF1000029332,通讯地址,GK94,VARCHAR,N,N,,,200,,TB16042018,SR10422029.DB11222016.TB16042018.DF1000029332,admin,15-JUL-18 05.05.21.000000000 PM,,,,,人,N,N,公开
DF1000029333,邮政编码,GK95,VARCHAR,N,N,,,200,,TB16042018,SR10422029.DB11222016.TB16042018.DF1000029333,admin,15-JUL-18 05.05.21.000000000 PM,,,,,,N,N,公开
DF1000029334,阶段成效、存在问题及建议,MS01,VARCHAR,N,N,,,4000,,TB16042018,SR10422029.DB11222016.TB16042018.DF1000029334,admin,15-JUL-18 05.05.21.000000000 PM,,,,,,N,N,公开
DF1000029335,本年度原定计划进度要求及实际工作进展,XG20,VARCHAR,N,N,,,4000,,TB16042018,SR10422029.DB11222016.TB16042018.DF1000029335,admin,15-JUL-18 05.05.21.000000000 PM,,,,,人,N,N,公开
DF1000029336,形成平台的性能简述,XN01,VARCHAR,N,N,,,4000,,TB16042018,SR10422029.DB11222016.TB16042018.DF1000029336,admin,15-JUL-18 05.05.21.000000000 PM,,,,,人,N,N,公开
DF1000029337,附件,FUJIAN,VARCHAR,N,N,,,200,,TB16042018,SR10422029.DB11222016.TB16042018.DF1000029337,admin,15-JUL-18 05.05.21.000000000 PM,,,,,人,N,N,公开
DF1000029338,实验室建设情况,JS10,VARCHAR,N,N,,,200,,TB16042018,SR10422029.DB11222016.TB16042018.DF1000029338,admin,15-JUL-18 05.05.21.000000000 PM,,,,,人,N,N,公开
DF1000029339,工程技术研究 中心建设情况,JS30,VARCHAR,N,N,,,200,,TB16042018,SR10422029.DB11222016.TB16042018.DF1000029339,admin,15-JUL-18 05.05.21.000000000 PM,,,,,人,N,N,公开
DF1000029340,研究方向1,JS201,VARCHAR,N,N,,,4000,,TB16042018,SR10422029.DB11222016.TB16042018.DF1000029340,admin,15-JUL-18 05.05.21.000000000 PM,,,,,人,N,N,公开
DF1000029341,研究方向2,JS202,VARCHAR,N,N,,,4000,,TB16042018,SR10422029.DB11222016.TB16042018.DF1000029341,admin,15-JUL-18 05.05.21.000000000 PM,,,,,人,N,N,公开
DF1000029342,研究方向3,JS203,VARCHAR,N,N,,,4000,,TB16042018,SR10422029.DB11222016.TB16042018.DF1000029342,admin,15-JUL-18 05.05.21.000000000 PM,,,,,人,N,N,公开
DF1000029343,研究方向4,JS204,VARCHAR,N,N,,,4000,,TB16042018,SR10422029.DB11222016.TB16042018.DF1000029343,admin,15-JUL-18 05.05.21.000000000 PM,,,,,人,N,N,公开
DF1000029344,研究方向5,JS205,VARCHAR,N,N,,,4000,,TB16042018,SR10422029.DB11222016.TB16042018.DF1000029344,admin,15-JUL-18 05.05.21.000000000 PM,,,,,,N,N,公开
DF1000029345,研究方向6,JS206,VARCHAR,N,N,,,200,,TB16042018,SR10422029.DB11222016.TB16042018.DF1000029345,admin,15-JUL-18 05.05.21.000000000 PM,,,,,千元,N,N,公开
DF1000029346,建设内容1,JS501,VARCHAR,N,N,,,200,,TB16042018,SR10422029.DB11222016.TB16042018.DF1000029346,admin,15-JUL-18 05.05.21.000000000 PM,,,,,,N,N,公开
DF1000029347,建设内容2,JS502,VARCHAR,N,N,,,200,,TB16042018,SR10422029.DB11222016.TB16042018.DF1000029347,admin,15-JUL-18 05.05.21.000000000 PM,,,,,千元,N,N,公开
DF1000029348,建设内容3,JS503,VARCHAR,N,N,,,200,,TB16042018,SR10422029.DB11222016.TB16042018.DF1000029348,admin,15-JUL-18 05.05.21.000000000 PM,,,,,千元,N,N,公开
DF1000012547,数据代表地域,TB_REGION,VARCHAR,N,N,N,N,200,,TB11702018,SR10422013.DB10552013.TB11702018.DF1000012547,kejiting,22-MAR-18 10.37.06.000000000 AM,,,,,,,,
DF1000029349,预期目标,JS51,VARCHAR,N,N,,,200,,TB16042018,SR10422029.DB11222016.TB16042018.DF1000029349,admin,15-JUL-18 05.05.21.000000000 PM,,,,,千元,N,N,公开
DF1000026948,主键,SHEETID,NUMBER,Y,N,N,Y,,,TB15622018,SR10422015.DB10832015.TB15622018.DF1000026948,admin,05-JUL-18 06.51.23.000000000 PM,7,30,,,,N,N,公开
DF1000029350,建成后对区域科技体系的贡献,JS52,VARCHAR,N,N,,,200,,TB16042018,SR10422029.DB11222016.TB16042018.DF1000029350,admin,15-JUL-18 05.05.21.000000000 PM,,,,,千元,N,N,公开
DF1000026949,,MC_SHEET,VARCHAR,N,N,,,200,,TB15622018,SR10422015.DB10832015.TB15622018.DF1000026949,admin,05-JUL-18 06.51.23.000000000 PM,,,,,,N,N,公开
DF1000029351,上传图片一,IMG1,VARCHAR,N,N,,,200,,TB16042018,SR10422029.DB11222016.TB16042018.DF1000029351,admin,15-JUL-18 05.05.21.000000000 PM,,,,,,N,N,公开
DF1000029352,上传图片二,IMG2,VARCHAR,N,N,,,200,,TB16042018,SR10422029.DB11222016.TB16042018.DF1000029352,admin,15-JUL-18 05.05.21.000000000 PM,,,,,千元,N,N,公开
DF1000011702,科技活动人员合计_其中：全时人员,QJ09_1,VARCHAR,N,N,,,200,,TB11622018,SR10422013.DB10562012.TB11622018.DF1000011702,kejiting,20-MAR-18 01.19.49.960000000 PM,,,,,人,N,N,公开
DF1000011703,（一）企业内部用于科技活动的非政府经费支出合计,QJ23,VARCHAR,N,N,,,200,,TB11622018,SR10422013.DB10562012.TB11622018.DF1000011703,kejiting,20-MAR-18 01.19.49.975000000 PM,,,,,千元,N,N,公开
DF1000012795,企业在海外设立的技术研发机构所在国家,QI19_2,VARCHAR,N,N,,,200,,TB11732018,SR10422013.DB10532014.TB11732018.DF1000012795,kejiting,22-MAR-18 11.09.45.262000000 AM,,,,,,N,N,公开
DF1000012577,国际合作形式,QE12,VARCHAR,N,N,,,200,,TB11712018,SR10422013.DB10552013.TB11712018.DF1000012577,kejiting,22-MAR-18 10.52.12.075000000 AM,,,,,,N,N,公开
DF1000012578,国内合作单位,QE13,VARCHAR,N,N,,,200,,TB11712018,SR10422013.DB10552013.TB11712018.DF1000012578,kejiting,22-MAR-18 10.52.12.090000000 AM,,,,,,N,N,公开
DF1000012918,年末资产总计_其中：流动资产合计,QC25,VARCHAR,N,N,,,200,,TB11752018,SR10422013.DB10572015.TB11752018.DF1000012918,kejiting,22-MAR-18 11.23.10.106000000 AM,,,,,千元,N,N,公开
DF1000012919,年末资产总计_其中：固定资产合计,QC27,VARCHAR,N,N,,,200,,TB11752018,SR10422013.DB10572015.TB11752018.DF1000012919,kejiting,22-MAR-18 11.23.10.106000000 AM,,,,,千元,N,N,公开
DF1000012920,年末资产总计_其中：固定资产原价,QC28,VARCHAR,N,N,,,200,,TB11752018,SR10422013.DB10572015.TB11752018.DF1000012920,kejiting,22-MAR-18 11.23.10.122000000 AM,,,,,千元,N,N,公开
DF1000012921,年末资产总计_其中：累计折旧,QC65,VARCHAR,N,N,,,200,,TB11752018,SR10422013.DB10572015.TB11752018.DF1000012921,kejiting,22-MAR-18 11.23.10.122000000 AM,,,,,千元,N,N,公开
DF1000027742,减排废物,XY309,VARCHAR,N,N,,,200,,TB15792018,SR10422029.DB11202015.TB15792018.DF1000027742,admin,14-JUL-18 08.58.04.000000000 PM,,,,,               千吨,N,N,公开
DF1000010863,数据代表地域,TB_REGION,VARCHAR,N,N,N,N,200,,TB11532018,SR10422013.DB10522016.TB11532018.DF1000010863,kejiting,19-MAR-18 02.55.28.000000000 PM,,,,,,,,
DF1000027743,本年度项目已取得的直接经济效益-其中：工业增加值,XY401,VARCHAR,N,N,,,200,,TB15792018,SR10422029.DB11202015.TB15792018.DF1000027743,admin,14-JUL-18 08.58.04.000000000 PM,,,,,千元,N,N,公开
DF1000027744,产品营业收入,XY411,VARCHAR,N,N,,,200,,TB15792018,SR10422029.DB11202015.TB15792018.DF1000027744,admin,14-JUL-18 08.58.04.000000000 PM,,,,,千元,N,N,公开
DF1000027745,其中：出口创汇额,XY412,VARCHAR,N,N,,,200,,TB15792018,SR10422029.DB11202015.TB15792018.DF1000027745,admin,14-JUL-18 08.58.04.000000000 PM,,,,,千美元,N,N,公开
DF1000027746,净利润额,XY421,VARCHAR,N,N,,,200,,TB15792018,SR10422029.DB11202015.TB15792018.DF1000027746,admin,14-JUL-18 08.58.04.000000000 PM,,,,,千元,N,N,公开
DF1000027747,实缴税金总额,XY431,VARCHAR,N,N,,,200,,TB15792018,SR10422029.DB11202015.TB15792018.DF1000027747,admin,14-JUL-18 08.58.04.000000000 PM,,,,,千元,N,N,公开
DF1000027748,减免税额,XY441,VARCHAR,N,N,,,200,,TB15792018,SR10422029.DB11202015.TB15792018.DF1000027748,admin,14-JUL-18 08.58.04.000000000 PM,,,,,千元,N,N,公开
DF1000027749,创造产值,XY501,VARCHAR,N,N,,,200,,TB15792018,SR10422029.DB11202015.TB15792018.DF1000027749,admin,14-JUL-18 08.58.04.000000000 PM,,,,,千元,N,N,公开
DF1000027750,创造利润,XY502,VARCHAR,N,N,,,200,,TB15792018,SR10422029.DB11202015.TB15792018.DF1000027750,admin,14-JUL-18 08.58.04.000000000 PM,,,,,千元,N,N,公开
DF1000027751,创造税收,XY503,VARCHAR,N,N,,,200,,TB15792018,SR10422029.DB11202015.TB15792018.DF1000027751,admin,14-JUL-18 08.58.04.000000000 PM,,,,,千元,N,N,公开
DF1000027752,带动出口额,XY504,VARCHAR,N,N,,,200,,TB15792018,SR10422029.DB11202015.TB15792018.DF1000027752,admin,14-JUL-18 08.58.04.000000000 PM,,,,,千元,N,N,公开
DF1000027753,带动就业人数,XY505,VARCHAR,N,N,,,200,,TB15792018,SR10422029.DB11202015.TB15792018.DF1000027753,admin,14-JUL-18 08.58.04.000000000 PM,,,,,人,N,N,公开
DF1000027754,形成高新企业数,XY506,VARCHAR,N,N,,,200,,TB15792018,SR10422029.DB11202015.TB15792018.DF1000027754,admin,14-JUL-18 08.58.04.000000000 PM,,,,,家,N,N,公开
DF1000027755,新增产值,XY601,VARCHAR,N,N,,,200,,TB15792018,SR10422029.DB11202015.TB15792018.DF1000027755,admin,14-JUL-18 08.58.04.000000000 PM,,,,,千元,N,N,公开
DF1000027756,销售收入,XY602,VARCHAR,N,N,,,200,,TB15792018,SR10422029.DB11202015.TB15792018.DF1000027756,admin,14-JUL-18 08.58.04.000000000 PM,,,,,千元,N,N,公开
DF1000027757,出口额,XY603,VARCHAR,N,N,,,200,,TB15792018,SR10422029.DB11202015.TB15792018.DF1000027757,admin,14-JUL-18 08.58.04.000000000 PM,,,,,千美元,N,N,公开
DF1000027758,技术服务收入,XY604,VARCHAR,N,N,,,200,,TB15792018,SR10422029.DB11202015.TB15792018.DF1000027758,admin,14-JUL-18 08.58.04.000000000 PM,,,,,千元,N,N,公开
DF1000027759,增产总量-农作物,XY1001,VARCHAR,N,N,,,200,,TB15792018,SR10422029.DB11202015.TB15792018.DF1000027759,admin,14-JUL-18 08.58.04.000000000 PM,,,,,千元,N,N,公开
DF1000027760,增产总量-畜牧业产品,XY1021,VARCHAR,N,N,,,200,,TB15792018,SR10422029.DB11202015.TB15792018.DF1000027760,admin,14-JUL-18 08.58.04.000000000 PM,,,,,千元,N,N,公开
DF1000027761,增产总量-水果,XY1011,VARCHAR,N,N,,,200,,TB15792018,SR10422029.DB11202015.TB15792018.DF1000027761,admin,14-JUL-18 08.58.04.000000000 PM,,,,,千元,N,N,公开
DF1000027762,增产总量-渔业产品,XY1031,VARCHAR,N,N,,,200,,TB15792018,SR10422029.DB11202015.TB15792018.DF1000027762,admin,14-JUL-18 08.58.04.000000000 PM,,,,,千元,N,N,公开
DF1000027763,获国家级科技奖,CG100,VARCHAR,N,N,,,200,,TB15792018,SR10422029.DB11202015.TB15792018.DF1000027763,admin,14-JUL-18 08.58.04.000000000 PM,,,,,项,N,N,公开
DF1000027764,新增就业人数,CG071,VARCHAR,N,N,,,200,,TB15792018,SR10422029.DB11202015.TB15792018.DF1000027764,admin,14-JUL-18 08.58.04.000000000 PM,,,,,人,N,N,公开
DF1000027765,科技型农村企业-年销售收入,CY002,VARCHAR,N,N,,,200,,TB15792018,SR10422029.DB11202015.TB15792018.DF1000027765,admin,14-JUL-18 08.58.04.000000000 PM,,,,,千元,N,N,公开
DF1000027766,科技型农村企业-“万元示范田”每亩纯收入,CY003,VARCHAR,N,N,,,200,,TB15792018,SR10422029.DB11202015.TB15792018.DF1000027766,admin,14-JUL-18 08.58.04.000000000 PM,,,,,千元,N,N,公开
DF1000027767,专业合作社-合作社成员数量,CY011,VARCHAR,N,N,,,200,,TB15792018,SR10422029.DB11202015.TB15792018.DF1000027767,admin,14-JUL-18 08.58.04.000000000 PM,,,,,户,N,N,公开
DF1000027768,专业合作社-“万元示范田”每亩纯收入,CY012,VARCHAR,N,N,,,200,,TB15792018,SR10422029.DB11202015.TB15792018.DF1000027768,admin,14-JUL-18 08.58.04.000000000 PM,,,,,千元,N,N,公开
DF1000027769,农村产品网店-销售产品数量,CY021,VARCHAR,N,N,,,200,,TB15792018,SR10422029.DB11202015.TB15792018.DF1000027769,admin,14-JUL-18 08.58.04.000000000 PM,,,,,个,N,N,公开
DF1000027770,农村产品网店-销售收入,CY022,VARCHAR,N,N,,,200,,TB15792018,SR10422029.DB11202015.TB15792018.DF1000027770,admin,14-JUL-18 08.58.04.000000000 PM,,,,,千元,N,N,公开
DF1000027771,农村科技超市-销售收入,CY031,VARCHAR,N,N,,,200,,TB15792018,SR10422029.DB11202015.TB15792018.DF1000027771,admin,14-JUL-18 08.58.04.000000000 PM,,,,,千元,N,N,公开
DF1000027772,农村科技超市-为农民提供技术信息数量,CY032,VARCHAR,N,N,,,200,,TB15792018,SR10422029.DB11202015.TB15792018.DF1000027772,admin,14-JUL-18 08.58.04.000000000 PM,,,,,项,N,N,公开
DF1000027773,科技特派员工作站-长期联络的科技特派员人数,CY041,VARCHAR,N,N,,,200,,TB15792018,SR10422029.DB11202015.TB15792018.DF1000027773,admin,14-JUL-18 08.58.04.000000000 PM,,,,,人,N,N,公开
DF1000027774,科技特派员工作站-服务农民人次,CY042,VARCHAR,N,N,,,200,,TB15792018,SR10422029.DB11202015.TB15792018.DF1000027774,admin,14-JUL-18 08.58.04.000000000 PM,,,,,人次,N,N,公开
DF1000027775,院士考察咨询活动次数,CG076,VARCHAR,N,N,,,200,,TB15792018,SR10422029.DB11202015.TB15792018.DF1000027775,admin,14-JUL-18 08.58.04.000000000 PM,,,,,次,N,N,公开
DF1000027776,新装置,CG007,VARCHAR,N,N,,,200,,TB15792018,SR10422029.DB11202015.TB15792018.DF1000027776,admin,14-JUL-18 08.58.04.000000000 PM,,,,,项,N,N,公开
DF1000027777,获省部级以上奖励-国家级,CG023,VARCHAR,N,N,,,200,,TB15792018,SR10422029.DB11202015.TB15792018.DF1000027777,admin,14-JUL-18 08.58.04.000000000 PM,,,,,项,N,N,公开
DF1000027778,获省部级以上奖励-省级,CG024,VARCHAR,N,N,,,200,,TB15792018,SR10422029.DB11202015.TB15792018.DF1000027778,admin,14-JUL-18 08.58.04.000000000 PM,,,,,项,N,N,公开
DF1000027779,建设科技创新平台数量,CG072,VARCHAR,N,N,,,200,,TB15792018,SR10422029.DB11202015.TB15792018.DF1000027779,admin,14-JUL-18 08.58.04.000000000 PM,,,,,个,N,N,公开
DF1000027780,建设科技创新平台数量-国家级,CG073,VARCHAR,N,N,,,200,,TB15792018,SR10422029.DB11202015.TB15792018.DF1000027780,admin,14-JUL-18 08.58.04.000000000 PM,,,,,个,N,N,公开
DF1000027781,建设科技创新平台数量-省级,CG074,VARCHAR,N,N,,,200,,TB15792018,SR10422029.DB11202015.TB15792018.DF1000027781,admin,14-JUL-18 08.58.04.000000000 PM,,,,,个,N,N,公开
DF1000027782,新增产值,CG075,VARCHAR,N,N,,,200,,TB15792018,SR10422029.DB11202015.TB15792018.DF1000027782,admin,14-JUL-18 08.58.04.000000000 PM,,,,,千元,N,N,公开
DF1000028599,增产总量-畜牧业产品,XY1021,VARCHAR,N,N,,,200,,TB15922018,SR10422029.DB11222016.TB15922018.DF1000028599,admin,15-JUL-18 04.43.16.000000000 PM,,,,,千元,N,N,公开
DF1000028600,增产总量-水果,XY1011,VARCHAR,N,N,,,200,,TB15922018,SR10422029.DB11222016.TB15922018.DF1000028600,admin,15-JUL-18 04.43.16.000000000 PM,,,,,千元,N,N,公开
DF1000028601,增产总量-渔业产品,XY1031,VARCHAR,N,N,,,200,,TB15922018,SR10422029.DB11222016.TB15922018.DF1000028601,admin,15-JUL-18 04.43.16.000000000 PM,,,,,千元,N,N,公开
DF1000028602,获国家级科技奖,CG100,VARCHAR,N,N,,,200,,TB15922018,SR10422029.DB11222016.TB15922018.DF1000028602,admin,15-JUL-18 04.43.16.000000000 PM,,,,,项,N,N,公开
DF1000028603,新增就业人数,CG071,VARCHAR,N,N,,,200,,TB15922018,SR10422029.DB11222016.TB15922018.DF1000028603,admin,15-JUL-18 04.43.16.000000000 PM,,,,,人,N,N,公开
DF1000028604,科技型农村企业-年销售收入,CY002,VARCHAR,N,N,,,200,,TB15922018,SR10422029.DB11222016.TB15922018.DF1000028604,admin,15-JUL-18 04.43.16.000000000 PM,,,,,千元,N,N,公开
DF1000028605,科技型农村企业-“万元示范田”每亩纯收入,CY003,VARCHAR,N,N,,,200,,TB15922018,SR10422029.DB11222016.TB15922018.DF1000028605,admin,15-JUL-18 04.43.16.000000000 PM,,,,,千元,N,N,公开
DF1000028606,专业合作社-合作社成员数量,CY011,VARCHAR,N,N,,,200,,TB15922018,SR10422029.DB11222016.TB15922018.DF1000028606,admin,15-JUL-18 04.43.16.000000000 PM,,,,,户,N,N,公开
DF1000028607,专业合作社-“万元示范田”每亩纯收入,CY012,VARCHAR,N,N,,,200,,TB15922018,SR10422029.DB11222016.TB15922018.DF1000028607,admin,15-JUL-18 04.43.16.000000000 PM,,,,,千元,N,N,公开
DF1000028608,农村产品网店-销售产品数量,CY021,VARCHAR,N,N,,,200,,TB15922018,SR10422029.DB11222016.TB15922018.DF1000028608,admin,15-JUL-18 04.43.16.000000000 PM,,,,,个,N,N,公开
DF1000028609,农村产品网店-销售收入,CY022,VARCHAR,N,N,,,200,,TB15922018,SR10422029.DB11222016.TB15922018.DF1000028609,admin,15-JUL-18 04.43.16.000000000 PM,,,,,千元,N,N,公开
DF1000028610,农村科技超市-销售收入,CY031,VARCHAR,N,N,,,200,,TB15922018,SR10422029.DB11222016.TB15922018.DF1000028610,admin,15-JUL-18 04.43.16.000000000 PM,,,,,千元,N,N,公开
DF1000028611,农村科技超市-为农民提供技术信息数量,CY032,VARCHAR,N,N,,,200,,TB15922018,SR10422029.DB11222016.TB15922018.DF1000028611,admin,15-JUL-18 04.43.16.000000000 PM,,,,,项,N,N,公开
DF1000028612,科技特派员工作站-长期联络的科技特派员人数,CY041,VARCHAR,N,N,,,200,,TB15922018,SR10422029.DB11222016.TB15922018.DF1000028612,admin,15-JUL-18 04.43.16.000000000 PM,,,,,人,N,N,公开
DF1000028613,科技特派员工作站-服务农民人次,CY042,VARCHAR,N,N,,,200,,TB15922018,SR10422029.DB11222016.TB15922018.DF1000028613,admin,15-JUL-18 04.43.16.000000000 PM,,,,,人次,N,N,公开
DF1000028614,院士考察咨询活动次数,CG076,VARCHAR,N,N,,,200,,TB15922018,SR10422029.DB11222016.TB15922018.DF1000028614,admin,15-JUL-18 04.43.16.000000000 PM,,,,,次,N,N,公开
DF1000028615,新装置,CG007,VARCHAR,N,N,,,200,,TB15922018,SR10422029.DB11222016.TB15922018.DF1000028615,admin,15-JUL-18 04.43.16.000000000 PM,,,,,项,N,N,公开
DF1000028616,获省部级以上奖励-国家级,CG023,VARCHAR,N,N,,,200,,TB15922018,SR10422029.DB11222016.TB15922018.DF1000028616,admin,15-JUL-18 04.43.16.000000000 PM,,,,,项,N,N,公开
DF1000028617,获省部级以上奖励-省级,CG024,VARCHAR,N,N,,,200,,TB15922018,SR10422029.DB11222016.TB15922018.DF1000028617,admin,15-JUL-18 04.43.16.000000000 PM,,,,,项,N,N,公开
DF1000028618,建设科技创新平台数量,CG072,VARCHAR,N,N,,,200,,TB15922018,SR10422029.DB11222016.TB15922018.DF1000028618,admin,15-JUL-18 04.43.16.000000000 PM,,,,,个,N,N,公开
DF1000011617,总收入_其中:技术收入_其中: 接受委托研究开发收入,QC06_4,VARCHAR,N,N,,,200,,TB11622018,SR10422013.DB10562012.TB11622018.DF1000011617,kejiting,20-MAR-18 01.19.49.304000000 PM,,,,,千元,N,N,公开
DF1000011615,总收入_其中:技术收入_其中：技术承包收入,QC06_2,VARCHAR,N,N,,,200,,TB11622018,SR10422013.DB10562012.TB11622018.DF1000011615,kejiting,20-MAR-18 01.19.49.289000000 PM,,,,,千元,N,N,公开
DF1000011616,总收入_其中:技术收入_其中：技术咨询与服务收入,QC06_3,VARCHAR,N,N,,,200,,TB11622018,SR10422013.DB10562012.TB11622018.DF1000011616,kejiting,20-MAR-18 01.19.49.304000000 PM,,,,,千元,N,N,公开
DF1000011618,总收入_其中： 产品销售收入,QC07,VARCHAR,N,N,,,200,,TB11622018,SR10422013.DB10562012.TB11622018.DF1000011618,kejiting,20-MAR-18 01.19.49.320000000 PM,,,,,千元,N,N,公开
DF1000011619,总收入_其中:产品销售收入_其中：高新技术产品,QC09,VARCHAR,N,N,,,200,,TB11622018,SR10422013.DB10562012.TB11622018.DF1000011619,kejiting,20-MAR-18 01.19.49.320000000 PM,,,,,千元,N,N,公开
DF1000011620,总收入_其中：商品销售收入 ,QC10,VARCHAR,N,N,,,200,,TB11622018,SR10422013.DB10562012.TB11622018.DF1000011620,kejiting,20-MAR-18 01.19.49.336000000 PM,,,,,千元,N,N,公开
DF1000011621,总收入_其中：其它收入,QC49,VARCHAR,N,N,,,200,,TB11622018,SR10422013.DB10562012.TB11622018.DF1000011621,kejiting,20-MAR-18 01.19.49.336000000 PM,,,,,,N,N,公开
DF1000011622,其中：软件产品销售收入（42≤05）,QC42,VARCHAR,N,N,,,200,,TB11622018,SR10422013.DB10562012.TB11622018.DF1000011622,kejiting,20-MAR-18 01.19.49.351000000 PM,,,,,,N,N,公开
DF1000011623,进出口总额,QC52,VARCHAR,N,N,,,200,,TB11622018,SR10422013.DB10562012.TB11622018.DF1000011623,kejiting,20-MAR-18 01.19.49.351000000 PM,,,,,千元,N,N,公开
DF1000011624,进出口总额_其中:出口总额,QC11,VARCHAR,N,N,,,200,,TB11622018,SR10422013.DB10562012.TB11622018.DF1000011624,kejiting,20-MAR-18 01.19.49.367000000 PM,,,,,千元,N,N,公开
DF1000011625,进出口总额_其中:出口总额_其中：高新技术产品出口,QC38,VARCHAR,N,N,,,200,,TB11622018,SR10422013.DB10562012.TB11622018.DF1000011625,kejiting,20-MAR-18 01.19.49.367000000 PM,,,,,千元,N,N,公开
DF1000011626,进出口总额_其中:出口总额_其中：技术服务出口,QC11_1,VARCHAR,N,N,,,200,,TB11622018,SR10422013.DB10562012.TB11622018.DF1000011626,kejiting,20-MAR-18 01.19.49.382000000 PM,,,,,千元,N,N,公开
DF1000011885,实际上缴税费总额  其中：营业税,QC15,VARCHAR,N,N,,,200,,TB11652018,SR10422013.DB10562012.TB11652018.DF1000011885,kejiting,20-MAR-18 01.54.22.481000000 PM,,,,,千元,N,N,公开
DF1000028619,建设科技创新平台数量-国家级,CG073,VARCHAR,N,N,,,200,,TB15922018,SR10422029.DB11222016.TB15922018.DF1000028619,admin,15-JUL-18 04.43.16.000000000 PM,,,,,个,N,N,公开
DF1000028620,建设科技创新平台数量-省级,CG074,VARCHAR,N,N,,,200,,TB15922018,SR10422029.DB11222016.TB15922018.DF1000028620,admin,15-JUL-18 04.43.16.000000000 PM,,,,,个,N,N,公开
DF1000028621,新增产值,CG075,VARCHAR,N,N,,,200,,TB15922018,SR10422029.DB11222016.TB15922018.DF1000028621,admin,15-JUL-18 04.43.16.000000000 PM,,,,,千元,N,N,公开
DF1000028622,调研企业数量,CG0811,VARCHAR,N,N,,,200,,TB15922018,SR10422029.DB11222016.TB15922018.DF1000028622,admin,15-JUL-18 04.43.16.000000000 PM,,,,,家,N,N,公开
DF1000028623,培训高新技术企业次数,CG0821,VARCHAR,N,N,,,200,,TB15922018,SR10422029.DB11222016.TB15922018.DF1000028623,admin,15-JUL-18 04.43.16.000000000 PM,,,,,次,N,N,公开
DF1000028624,进入后备培育库企业数量,CG0831,VARCHAR,N,N,,,200,,TB15922018,SR10422029.DB11222016.TB15922018.DF1000028624,admin,15-JUL-18 04.43.16.000000000 PM,,,,,家,N,N,公开
DF1000028625,成功培育高企数量,CG0841,VARCHAR,N,N,,,200,,TB15922018,SR10422029.DB11222016.TB15922018.DF1000028625,admin,15-JUL-18 04.43.16.000000000 PM,,,,,家,N,N,公开
DF1000028889,数据代表地域,TB_REGION,VARCHAR,N,N,N,N,200,,TB15962018,SR10422029.DB11222016.TB15962018.DF1000028889,admin,15-JUL-18 04.50.16.000000000 PM,,,,,,,,
DF1000028890,数据代表时间,TB_TIME,VARCHAR,N,N,N,N,200,,TB15962018,SR10422029.DB11222016.TB15962018.DF1000028890,admin,15-JUL-18 04.50.16.000000000 PM,,,,,,,,
DF1000028971,数据代表地域,TB_REGION,VARCHAR,N,N,N,N,200,,TB15982018,SR10422029.DB11222016.TB15982018.DF1000028971,admin,15-JUL-18 04.52.19.000000000 PM,,,,,,,,
DF1000028972,数据代表时间,TB_TIME,VARCHAR,N,N,N,N,200,,TB15982018,SR10422029.DB11222016.TB15982018.DF1000028972,admin,15-JUL-18 04.52.19.000000000 PM,,,,,,,,
DF1000029104,专利授权数-国外授权,CG045,VARCHAR,N,N,,,200,,TB16032018,SR10422029.DB11212015.TB16032018.DF1000029104,kejiting,15-JUL-18 04.57.18.000000000 PM,,,,,项,N,N,公开
DF1000029105,成果数量,CG050,VARCHAR,N,N,,,200,,TB16032018,SR10422029.DB11212015.TB16032018.DF1000029105,kejiting,15-JUL-18 04.57.18.000000000 PM,,,,,项,N,N,公开
DF1000011680,年末从业人员_其中：当年吸纳高校应届毕业生,QD14,VARCHAR,N,N,,,200,,TB11622018,SR10422013.DB10562012.TB11622018.DF1000011680,kejiting,20-MAR-18 01.19.49.804000000 PM,,,,,人,N,N,公开
DF1000011681,年末从业人员_其中：参加社保人数,QD24,VARCHAR,N,N,,,200,,TB11622018,SR10422013.DB10562012.TB11622018.DF1000011681,kejiting,20-MAR-18 01.19.49.804000000 PM,,,,,人,N,N,公开
DF1000011682,从业人员平均人数,QD05,VARCHAR,N,N,,,200,,TB11622018,SR10422013.DB10562012.TB11622018.DF1000011682,kejiting,20-MAR-18 01.19.49.819000000 PM,,,,,人,N,N,公开
DF1000011683,研究生,QD18,VARCHAR,N,N,,,200,,TB11622018,SR10422013.DB10562012.TB11622018.DF1000011683,kejiting,20-MAR-18 01.19.49.819000000 PM,,,,,人,N,N,公开
DF1000011684,研究生_其中：博士,QD06,VARCHAR,N,N,,,200,,TB11622018,SR10422013.DB10562012.TB11622018.DF1000011684,kejiting,20-MAR-18 01.19.49.835000000 PM,,,,,人,N,N,公开
DF1000011685,研究生_其中：硕士,QD07,VARCHAR,N,N,,,200,,TB11622018,SR10422013.DB10562012.TB11622018.DF1000011685,kejiting,20-MAR-18 01.19.49.835000000 PM,,,,,人,N,N,公开
DF1000011686,本科,QD08,VARCHAR,N,N,,,200,,TB11622018,SR10422013.DB10562012.TB11622018.DF1000011686,kejiting,20-MAR-18 01.19.49.850000000 PM,,,,,人,N,N,公开
DF1000011687,大专,QD09,VARCHAR,N,N,,,200,,TB11622018,SR10422013.DB10562012.TB11622018.DF1000011687,kejiting,20-MAR-18 01.19.49.850000000 PM,,,,,人,N,N,公开
DF1000011688,中专,QD10,VARCHAR,N,N,,,200,,TB11622018,SR10422013.DB10562012.TB11622018.DF1000011688,kejiting,20-MAR-18 01.19.49.866000000 PM,,,,,人,N,N,公开
DF1000011689,理工类本科学历以上人员,QD01_1,VARCHAR,N,N,,,200,,TB11622018,SR10422013.DB10562012.TB11622018.DF1000011689,kejiting,20-MAR-18 01.19.49.866000000 PM,,,,,人,N,N,公开
DF1000011690,高级,QD11,VARCHAR,N,N,,,200,,TB11622018,SR10422013.DB10562012.TB11622018.DF1000011690,kejiting,20-MAR-18 01.19.49.882000000 PM,,,,,人,N,N,公开
DF1000011691,中级,QD12,VARCHAR,N,N,,,200,,TB11622018,SR10422013.DB10562012.TB11622018.DF1000011691,kejiting,20-MAR-18 01.19.49.882000000 PM,,,,,人,N,N,公开
DF1000011692,初级,QD13,VARCHAR,N,N,,,200,,TB11622018,SR10422013.DB10562012.TB11622018.DF1000011692,kejiting,20-MAR-18 01.19.49.897000000 PM,,,,,人,N,N,公开
DF1000011693,企业法人性别,QD19,VARCHAR,N,N,,,200,,TB11622018,SR10422013.DB10562012.TB11622018.DF1000011693,kejiting,20-MAR-18 01.19.49.897000000 PM,,,,,人,N,N,公开
DF1000011694,出生年份,QD20,VARCHAR,N,N,,,200,,TB11622018,SR10422013.DB10562012.TB11622018.DF1000011694,kejiting,20-MAR-18 01.19.49.913000000 PM,,,,,,N,N,公开
DF1000011695,学历,QD22,VARCHAR,N,N,,,200,,TB11622018,SR10422013.DB10562012.TB11622018.DF1000011695,kejiting,20-MAR-18 01.19.49.913000000 PM,,,,,,N,N,公开
DF1000011696,科技活动人员合计,QJ09,VARCHAR,N,N,,,200,,TB11622018,SR10422013.DB10562012.TB11622018.DF1000011696,kejiting,20-MAR-18 01.19.49.928000000 PM,,,,,人,N,N,公开
DF1000011697,科技活动人员合计_其中：1.参加科技项目人员,QJ11,VARCHAR,N,N,,,200,,TB11622018,SR10422013.DB10562012.TB11622018.DF1000011697,kejiting,20-MAR-18 01.19.49.928000000 PM,,,,,人,N,N,公开
DF1000011701,科技活动人员合计_其中：2.无高中级技术职称博士人员,QJ13,VARCHAR,N,N,,,200,,TB11622018,SR10422013.DB10562012.TB11622018.DF1000011701,kejiting,20-MAR-18 01.19.49.960000000 PM,,,,,,N,N,公开
DF1000011704,（一）企业内部用于科技活动的非政府经费支出合计_其中：人员人工费（包含各种补贴）,QJ23_1,VARCHAR,N,N,,,200,,TB11622018,SR10422013.DB10562012.TB11622018.DF1000011704,kejiting,20-MAR-18 01.19.49.975000000 PM,,,,,千元,N,N,公开
DF1000011705,（一）企业内部用于科技活动的非政府经费支出合计_其中：原材料费,QJ23_2,VARCHAR,N,N,,,200,,TB11622018,SR10422013.DB10562012.TB11622018.DF1000011705,kejiting,20-MAR-18 01.19.49.991000000 PM,,,,,千元,N,N,公开
DF1000011706,（一）企业内部用于科技活动的非政府经费支出合计_其中：折旧费用与长期费用摊销,QJ23_3,VARCHAR,N,N,,,200,,TB11622018,SR10422013.DB10562012.TB11622018.DF1000011706,kejiting,20-MAR-18 01.19.49.991000000 PM,,,,,千元,N,N,公开
DF1000011707,（一）企业内部用于科技活动的非政府经费支出合计_其中：无形资产摊销,QJ23_4,VARCHAR,N,N,,,200,,TB11622018,SR10422013.DB10562012.TB11622018.DF1000011707,kejiting,20-MAR-18 01.19.50.006000000 PM,,,,,千元,N,N,公开
DF1000011708,（一）企业内部用于科技活动的非政府经费支出合计_其中：其他费用,QJ23_5,VARCHAR,N,N,,,200,,TB11622018,SR10422013.DB10562012.TB11622018.DF1000011708,kejiting,20-MAR-18 01.19.50.006000000 PM,,,,,千元,N,N,公开
DF1000011709,（二）委托外单位开展科技活动的经费支出,QJ33,VARCHAR,N,N,,,200,,TB11622018,SR10422013.DB10562012.TB11622018.DF1000011709,kejiting,20-MAR-18 01.19.50.022000000 PM,,,,,千元,N,N,公开
DF1000011710,（二）委托外单位开展科技活动的经费支出_其中：对境内研究机构支出,QJ33_1,VARCHAR,N,N,,,200,,TB11622018,SR10422013.DB10562012.TB11622018.DF1000011710,kejiting,20-MAR-18 01.19.50.022000000 PM,,,,,千元,N,N,公开
DF1000011711,（二）委托外单位开展科技活动的经费支出_其中：对境内高等学校支出,QJ33_2,VARCHAR,N,N,,,200,,TB11622018,SR10422013.DB10562012.TB11622018.DF1000011711,kejiting,20-MAR-18 01.19.50.038000000 PM,,,,,千元,N,N,公开
DF1000011712,（二）委托外单位开展科技活动的经费支出_其中：对境外支出,QJ33_3,VARCHAR,N,N,,,200,,TB11622018,SR10422013.DB10562012.TB11622018.DF1000011712,kejiting,20-MAR-18 01.19.50.038000000 PM,,,,,千元,N,N,公开
DF1000011713,（三）企业内部用于科技活动的非政府经费当年形成的固定资产,QJ250,VARCHAR,N,N,,,200,,TB11622018,SR10422013.DB10562012.TB11622018.DF1000011713,kejiting,20-MAR-18 01.19.50.053000000 PM,,,,,千元,N,N,公开
DF1000011714,（三）企业内部用于科技活动的非政府经费当年形成的固定资产_其中：仪器和设备,QJ251,VARCHAR,N,N,,,200,,TB11622018,SR10422013.DB10562012.TB11622018.DF1000011714,kejiting,20-MAR-18 01.19.50.053000000 PM,,,,,千元,N,N,公开
DF1000011715,（四）使用来自政府部门的科技活动资金用于企业内部科技活动,QJ252,VARCHAR,N,N,,,200,,TB11622018,SR10422013.DB10562012.TB11622018.DF1000011715,kejiting,20-MAR-18 01.19.50.069000000 PM,,,,,千元,N,N,公开
DF1000011716,全部科技项目,QI09,VARCHAR,N,N,,,200,,TB11622018,SR10422013.DB10562012.TB11622018.DF1000011716,kejiting,20-MAR-18 01.19.50.069000000 PM,,,,,千元,N,N,公开
DF1000011717,全部科技项目经费内部支出,QJ53,VARCHAR,N,N,,,200,,TB11622018,SR10422013.DB10562012.TB11622018.DF1000011717,kejiting,20-MAR-18 01.19.50.084000000 PM,,,,,千元,N,N,公开
DF1000011718,机构数,QI01,VARCHAR,N,N,,,200,,TB11622018,SR10422013.DB10562012.TB11622018.DF1000011718,kejiting,20-MAR-18 01.19.50.084000000 PM,,,,,个,N,N,公开
DF1000011719,机构人员合计,QI07,VARCHAR,N,N,,,200,,TB11622018,SR10422013.DB10562012.TB11622018.DF1000011719,kejiting,20-MAR-18 01.19.50.100000000 PM,,,,,人,N,N,公开
DF1000011720,机构人员合计_其中：博士毕业,QI10,VARCHAR,N,N,,,200,,TB11622018,SR10422013.DB10562012.TB11622018.DF1000011720,kejiting,20-MAR-18 01.19.50.100000000 PM,,,,,千元,N,N,公开
DF1000011721,机构人员合计_其中：硕士毕业,QI11,VARCHAR,N,N,,,200,,TB11622018,SR10422013.DB10562012.TB11622018.DF1000011721,kejiting,20-MAR-18 01.19.50.116000000 PM,,,,,,N,N,公开
DF1000011722,机构人员合计_其中：本科毕业,QI20,VARCHAR,N,N,,,200,,TB11622018,SR10422013.DB10562012.TB11622018.DF1000011722,kejiting,20-MAR-18 01.19.50.116000000 PM,,,,,,N,N,公开
DF1000014008,自建数据库_多媒体型数量,DB341,VARCHAR,N,N,,,200,,TB11862018,SR10422014.DB10582015.TB11862018.DF1000014008,kejiting,27-MAR-18 09.31.03.095000000 AM,,,,,个,N,N,公开
DF1000014009,自建数据库_多媒体型数据记录量_总量,DB342,VARCHAR,N,N,,,200,,TB11862018,SR10422014.DB10582015.TB11862018.DF1000014009,kejiting,27-MAR-18 09.31.03.097000000 AM,,,,,万条,N,N,公开
DF1000014010,一、基础设施情况_计算机有关设备累计总量,BU0100,VARCHAR,N,N,,,200,,TB11862018,SR10422014.DB10582015.TB11862018.DF1000014010,kejiting,27-MAR-18 09.31.03.098000000 AM,,,,,台,N,N,公开
DF1000014011,一、基础设施情况_计算机有关设备当年情况_新增量,BU0101,VARCHAR,N,N,,,200,,TB11862018,SR10422014.DB10582015.TB11862018.DF1000014011,kejiting,27-MAR-18 09.31.03.101000000 AM,,,,,台,N,N,公开
DF1000014012,一、基础设施情况_计算机有关设备当年情况_报废量,BU0102,VARCHAR,N,N,,,200,,TB11862018,SR10422014.DB10582015.TB11862018.DF1000014012,kejiting,27-MAR-18 09.31.03.103000000 AM,,,,,台,N,N,公开
DF1000014013,一、基础设施情况_计算机有关设备_大、中型机累计总量,BU0110,VARCHAR,N,N,,,200,,TB11862018,SR10422014.DB10582015.TB11862018.DF1000014013,kejiting,27-MAR-18 09.31.03.105000000 AM,,,,,台,N,N,公开
DF1000014014,一、基础设施情况_计算机有关设备_大、中型机累计当年情况_新增量,BU0111,VARCHAR,N,N,,,200,,TB11862018,SR10422014.DB10582015.TB11862018.DF1000014014,kejiting,27-MAR-18 09.31.03.106000000 AM,,,,,台,N,N,公开
DF1000014015,一、基础设施情况_计算机有关设备_大、中型机累计当年情况_报废量,BU0112,VARCHAR,N,N,,,200,,TB11862018,SR10422014.DB10582015.TB11862018.DF1000014015,kejiting,27-MAR-18 09.31.03.108000000 AM,,,,,台,N,N,公开
DF1000014016,一、基础设施情况_计算机有关设备_小型机累计总量,BU0120,VARCHAR,N,N,,,200,,TB11862018,SR10422014.DB10582015.TB11862018.DF1000014016,kejiting,27-MAR-18 09.31.03.110000000 AM,,,,,台,N,N,公开
DF1000014017,一、基础设施情况_计算机有关设备_小型机累计当年情况_新增量,BU0121,VARCHAR,N,N,,,200,,TB11862018,SR10422014.DB10582015.TB11862018.DF1000014017,kejiting,27-MAR-18 09.31.03.112000000 AM,,,,,台,N,N,公开
DF1000014018,一、基础设施情况_计算机有关设备_小型机累计当年情况_报废量,BU0122,VARCHAR,N,N,,,200,,TB11862018,SR10422014.DB10582015.TB11862018.DF1000014018,kejiting,27-MAR-18 09.31.03.114000000 AM,,,,,台,N,N,公开
DF1000014019,一、基础设施情况_计算机有关设备_微机累计总量,BU0130,VARCHAR,N,N,,,200,,TB11862018,SR10422014.DB10582015.TB11862018.DF1000014019,kejiting,27-MAR-18 09.31.03.116000000 AM,,,,,台,N,N,公开
DF1000014020,一、基础设施情况_计算机有关设备_微机累计当年情况_新增量,BU0131,VARCHAR,N,N,,,200,,TB11862018,SR10422014.DB10582015.TB11862018.DF1000014020,kejiting,27-MAR-18 09.31.03.118000000 AM,,,,,台,N,N,公开
DF1000014021,一、基础设施情况_计算机有关设备_微机累计当年情况_报废量,BU0132,VARCHAR,N,N,,,200,,TB11862018,SR10422014.DB10582015.TB11862018.DF1000014021,kejiting,27-MAR-18 09.31.03.120000000 AM,,,,,台,N,N,公开
DF1000014022,一、基础设施情况_计算机有关设备_终端累计总量,BU0140,VARCHAR,N,N,,,200,,TB11862018,SR10422014.DB10582015.TB11862018.DF1000014022,kejiting,27-MAR-18 09.31.03.122000000 AM,,,,,台,N,N,公开
DF1000014023,一、基础设施情况_计算机有关设备_终端累计当年情况_新增量,BU0141,VARCHAR,N,N,,,200,,TB11862018,SR10422014.DB10582015.TB11862018.DF1000014023,kejiting,27-MAR-18 09.31.03.123000000 AM,,,,,台,N,N,公开
DF1000014024,一、基础设施情况_计算机有关设备_终端累计当年情况_报废量,BU0142,VARCHAR,N,N,,,200,,TB11862018,SR10422014.DB10582015.TB11862018.DF1000014024,kejiting,27-MAR-18 09.31.03.126000000 AM,,,,,台,N,N,公开
DF1000014025,一、基础设施情况_计算机有关设备_扫描设备累计总量,BU0150,VARCHAR,N,N,,,200,,TB11862018,SR10422014.DB10582015.TB11862018.DF1000014025,kejiting,27-MAR-18 09.31.03.128000000 AM,,,,,台,N,N,公开
DF1000014026,一、基础设施情况_计算机有关设备_扫描设备累计当年情况_新增量,BU0151,VARCHAR,N,N,,,200,,TB11862018,SR10422014.DB10582015.TB11862018.DF1000014026,kejiting,27-MAR-18 09.31.03.130000000 AM,,,,,台,N,N,公开
DF1000014027,一、基础设施情况_计算机有关设备_扫描设备累计当年情况_报废量,BU0152,VARCHAR,N,N,,,200,,TB11862018,SR10422014.DB10582015.TB11862018.DF1000014027,kejiting,27-MAR-18 09.31.03.132000000 AM,,,,,台,N,N,公开
DF1000014028,一、基础设施情况_复印机累计总量,BU0200,VARCHAR,N,N,,,200,,TB11862018,SR10422014.DB10582015.TB11862018.DF1000014028,kejiting,27-MAR-18 09.31.03.134000000 AM,,,,,台,N,N,公开
DF1000014029,一、基础设施情况_复印机累计当年情况_新增量,BU0201,VARCHAR,N,N,,,200,,TB11862018,SR10422014.DB10582015.TB11862018.DF1000014029,kejiting,27-MAR-18 09.31.03.136000000 AM,,,,,台,N,N,公开
DF1000014030,一、基础设施情况_复印机累计当年情况_报废量,BU0202,VARCHAR,N,N,,,200,,TB11862018,SR10422014.DB10582015.TB11862018.DF1000014030,kejiting,27-MAR-18 09.31.03.138000000 AM,,,,,台,N,N,公开
DF1000014031,一、基础设施情况_摄、录像机累计总量,BU0300,VARCHAR,N,N,,,200,,TB11862018,SR10422014.DB10582015.TB11862018.DF1000014031,kejiting,27-MAR-18 09.31.03.140000000 AM,,,,,台,N,N,公开
DF1000014032,一、基础设施情况_摄、录像机累计当年情况_新增量,BU0301,VARCHAR,N,N,,,200,,TB11862018,SR10422014.DB10582015.TB11862018.DF1000014032,kejiting,27-MAR-18 09.31.03.142000000 AM,,,,,台,N,N,公开
DF1000014033,一、基础设施情况_摄、录像机累计当年情况_报废量,BU0302,VARCHAR,N,N,,,200,,TB11862018,SR10422014.DB10582015.TB11862018.DF1000014033,kejiting,27-MAR-18 09.31.03.144000000 AM,,,,,台,N,N,公开
DF1000014034,一、基础设施情况_印刷设备累计总量,BU0400,VARCHAR,N,N,,,200,,TB11862018,SR10422014.DB10582015.TB11862018.DF1000014034,kejiting,27-MAR-18 09.31.03.146000000 AM,,,,,台,N,N,公开
DF1000014035,一、基础设施情况_印刷设备累计当年情况_新增量,BU0401,VARCHAR,N,N,,,200,,TB11862018,SR10422014.DB10582015.TB11862018.DF1000014035,kejiting,27-MAR-18 09.31.03.148000000 AM,,,,,台,N,N,公开
DF1000014036,一、基础设施情况_印刷设备累计当年情况_报废量,BU0402,VARCHAR,N,N,,,200,,TB11862018,SR10422014.DB10582015.TB11862018.DF1000014036,kejiting,27-MAR-18 09.31.03.150000000 AM,,,,,台,N,N,公开
DF1000014037,二、网络情况_自建网络网络数,BU051,VARCHAR,N,N,,,200,,TB11862018,SR10422014.DB10582015.TB11862018.DF1000014037,kejiting,27-MAR-18 09.31.03.152000000 AM,,,,,个,N,N,公开
DF1000014038,二、网络情况_自建网络网上用户数,BU052,VARCHAR,N,N,,,200,,TB11862018,SR10422014.DB10582015.TB11862018.DF1000014038,kejiting,27-MAR-18 09.31.03.154000000 AM,,,,,个,N,N,公开
DF1000014039,二、网络情况_对外联网网上用户数_DIALOG数量,BU061,VARCHAR,N,N,,,200,,TB11862018,SR10422014.DB10582015.TB11862018.DF1000014039,kejiting,27-MAR-18 09.31.03.156000000 AM,,,,,个,N,N,公开
DF1000014634,主键,ID,NUMBER,Y,N,N,Y,,,TB11992018,SR10422014.DB10592014.TB11992018.DF1000014634,admin,27-MAR-18 02.29.19.602000000 PM,7,30,,,,N,N,公开
DF1000014635,调查年份,DCNF,VARCHAR,N,N,,,200,,TB11992018,SR10422014.DB10592014.TB11992018.DF1000014635,admin,27-MAR-18 02.29.19.604000000 PM,,,,,,N,Y,公开
DF1000014636,机构代码,BA02,VARCHAR,N,N,,,200,,TB11992018,SR10422014.DB10592014.TB11992018.DF1000014636,admin,27-MAR-18 02.29.19.607000000 PM,,,,,,N,N,公开
DF1000014069,网络信息检索机时,IU022,VARCHAR,N,N,,,200,,TB11862018,SR10422014.DB10582015.TB11862018.DF1000014069,kejiting,27-MAR-18 09.31.03.220000000 AM,,,,,小时,N,N,公开
DF1000014070,网络信息检索信息量,IU023,VARCHAR,N,N,,,200,,TB11862018,SR10422014.DB10582015.TB11862018.DF1000014070,kejiting,27-MAR-18 09.31.03.222000000 AM,,,,,兆字节,N,N,公开
DF1000014071,电子期刊利用次数,IU031,VARCHAR,N,N,,,200,,TB11862018,SR10422014.DB10582015.TB11862018.DF1000014071,kejiting,27-MAR-18 09.31.03.224000000 AM,,,,,次,N,N,公开
DF1000014072,电子期刊利用机时,IU032,VARCHAR,N,N,,,200,,TB11862018,SR10422014.DB10582015.TB11862018.DF1000014072,kejiting,27-MAR-18 09.31.03.226000000 AM,,,,,小时,N,N,公开
DF1000014073,电子期刊利用信息量,IU033,VARCHAR,N,N,,,200,,TB11862018,SR10422014.DB10582015.TB11862018.DF1000014073,kejiting,27-MAR-18 09.31.03.228000000 AM,,,,,兆字节,N,N,公开
DF1000014074,从网上获得信息次数,IU041,VARCHAR,N,N,,,200,,TB11862018,SR10422014.DB10582015.TB11862018.DF1000014074,kejiting,27-MAR-18 09.31.03.231000000 AM,,,,,次,N,N,公开
DF1000027784,培训高新技术企业次数,CG0821,VARCHAR,N,N,,,200,,TB15792018,SR10422029.DB11202015.TB15792018.DF1000027784,admin,14-JUL-18 08.58.04.000000000 PM,,,,,次,N,N,公开
DF1000027785,进入后备培育库企业数量,CG0831,VARCHAR,N,N,,,200,,TB15792018,SR10422029.DB11202015.TB15792018.DF1000027785,admin,14-JUL-18 08.58.04.000000000 PM,,,,,家,N,N,公开
DF1000027786,成功培育高企数量,CG0841,VARCHAR,N,N,,,200,,TB15792018,SR10422029.DB11202015.TB15792018.DF1000027786,admin,14-JUL-18 08.58.04.000000000 PM,,,,,家,N,N,公开
DF1000027979,数据代表地域,TB_REGION,VARCHAR,N,N,N,N,200,,TB15822018,SR10422029.DB11202015.TB15822018.DF1000027979,admin,14-JUL-18 09.15.42.000000000 PM,,,,,,,,
DF1000027980,数据代表时间,TB_TIME,VARCHAR,N,N,N,N,200,,TB15822018,SR10422029.DB11202015.TB15822018.DF1000027980,admin,14-JUL-18 09.15.42.000000000 PM,,,,,,,,
DF1000028331,数据代表地域,TB_REGION,VARCHAR,N,N,N,N,200,,TB15882018,SR10422029.DB11222016.TB15882018.DF1000028331,admin,15-JUL-18 04.29.46.000000000 PM,,,,,,,,
DF1000028332,数据代表时间,TB_TIME,VARCHAR,N,N,N,N,200,,TB15882018,SR10422029.DB11222016.TB15882018.DF1000028332,admin,15-JUL-18 04.29.46.000000000 PM,,,,,,,,
DF1000028994,主键,ID,NUMBER,Y,N,N,Y,,,TB15992018,SR10422029.DB11222016.TB15992018.DF1000028994,admin,15-JUL-18 04.53.07.000000000 PM,7,30,,,,N,N,公开
DF1000028995,序号,XH,VARCHAR,N,N,,,200,,TB15992018,SR10422029.DB11222016.TB15992018.DF1000028995,admin,15-JUL-18 04.53.07.000000000 PM,,,,,,N,N,公开
DF1000028996,实验室-当年入学或进站研究生,KC100,VARCHAR,N,N,,,200,,TB15992018,SR10422029.DB11222016.TB15992018.DF1000028996,admin,15-JUL-18 04.53.07.000000000 PM,,,,,人,N,N,公开
DF1000028997,实验室-当年毕业或出站研究生,KC120,VARCHAR,N,N,,,200,,TB15992018,SR10422029.DB11222016.TB15992018.DF1000028997,admin,15-JUL-18 04.53.07.000000000 PM,,,,,人,N,N,公开
DF1000028998,实验室-高层次人才和优秀中青年人才,KC130,VARCHAR,N,N,,,200,,TB15992018,SR10422029.DB11222016.TB15992018.DF1000028998,admin,15-JUL-18 04.53.07.000000000 PM,,,,,人,N,N,公开
DF1000028999,实验室-高层次人才和优秀中青年人才_优秀中青年人才,KC131,VARCHAR,N,N,,,200,,TB15992018,SR10422029.DB11222016.TB15992018.DF1000028999,admin,15-JUL-18 04.53.07.000000000 PM,,,,,人,N,N,公开
DF1000029000,实验室-内设学科站点,KC140,VARCHAR,N,N,,,200,,TB15992018,SR10422029.DB11222016.TB15992018.DF1000029000,admin,15-JUL-18 04.53.07.000000000 PM,,,,,个,N,N,公开
DF1000029001,实验室-内设学科站点_博士后流动站,KC141,VARCHAR,N,N,,,200,,TB15992018,SR10422029.DB11222016.TB15992018.DF1000029001,admin,15-JUL-18 04.53.07.000000000 PM,,,,,个,N,N,公开
DF1000029002,实验室-内设学科站点_博士点,KC142,VARCHAR,N,N,,,200,,TB15992018,SR10422029.DB11222016.TB15992018.DF1000029002,admin,15-JUL-18 04.53.07.000000000 PM,,,,,个,N,N,公开
DF1000029003,实验室-内设学科站点_硕士点,KC143,VARCHAR,N,N,,,200,,TB15992018,SR10422029.DB11222016.TB15992018.DF1000029003,admin,15-JUL-18 04.53.07.000000000 PM,,,,,个,N,N,公开
DF1000029004,专业技术培训,KC200,VARCHAR,N,N,,,200,,TB15992018,SR10422029.DB11222016.TB15992018.DF1000029004,admin,15-JUL-18 04.53.07.000000000 PM,,,,,人次,N,N,公开
DF1000029080,主键,ID,NUMBER,Y,N,N,Y,,,TB16032018,SR10422029.DB11212015.TB16032018.DF1000029080,kejiting,15-JUL-18 04.57.18.000000000 PM,7,30,,,,N,N,公开
DF1000029081,序号,XH,VARCHAR,N,N,,,200,,TB16032018,SR10422029.DB11212015.TB16032018.DF1000029081,kejiting,15-JUL-18 04.57.18.000000000 PM,,,,,,N,N,公开
DF1000029082,成果转让数,CG001,VARCHAR,N,N,,,200,,TB16032018,SR10422029.DB11212015.TB16032018.DF1000029082,kejiting,15-JUL-18 04.57.18.000000000 PM,,,,,项,N,N,公开
DF1000029083,成果转让获得收入,CG002,VARCHAR,N,N,,,200,,TB16032018,SR10422029.DB11212015.TB16032018.DF1000029083,kejiting,15-JUL-18 04.57.18.000000000 PM,,,,,千元,N,N,公开
DF1000011776,主键,ID,NUMBER,Y,N,N,Y,,,TB11632018,SR10422013.DB10562012.TB11632018.DF1000011776,kejiting,20-MAR-18 01.27.06.982000000 PM,7,30,,,,N,N,公开
DF1000011777,,ID1,VARCHAR,N,N,,,200,,TB11632018,SR10422013.DB10562012.TB11632018.DF1000011777,kejiting,20-MAR-18 01.27.07.013000000 PM,,,,,,N,N,公开
DF1000011778,报表编号,QA01,VARCHAR,N,N,,,200,,TB11632018,SR10422013.DB10562012.TB11632018.DF1000011778,kejiting,20-MAR-18 01.27.07.044000000 PM,,,,,,N,N,公开
DF1000011779,产品名称1,QE01,VARCHAR,N,N,,,200,,TB11632018,SR10422013.DB10562012.TB11632018.DF1000011779,kejiting,20-MAR-18 01.27.07.060000000 PM,,,,,,N,N,公开
DF1000011780,产品名称2,QE02,VARCHAR,N,N,,,200,,TB11632018,SR10422013.DB10562012.TB11632018.DF1000011780,kejiting,20-MAR-18 01.27.07.091000000 PM,,,,,,N,N,公开
DF1000011781,技术领域,QE03,VARCHAR,N,N,,,200,,TB11632018,SR10422013.DB10562012.TB11632018.DF1000011781,kejiting,20-MAR-18 01.27.07.122000000 PM,,,,,,N,N,公开
DF1000011782,技术水平,QE04,VARCHAR,N,N,,,200,,TB11632018,SR10422013.DB10562012.TB11632018.DF1000011782,kejiting,20-MAR-18 01.27.07.138000000 PM,,,,,,N,N,公开
DF1000011783,技术来源A,QE05,VARCHAR,N,N,,,200,,TB11632018,SR10422013.DB10562012.TB11632018.DF1000011783,kejiting,20-MAR-18 01.27.07.185000000 PM,,,,,,Y,N,公开
DF1000011784,技术来源B,QE06,VARCHAR,N,N,,,200,,TB11632018,SR10422013.DB10562012.TB11632018.DF1000011784,kejiting,20-MAR-18 01.27.07.200000000 PM,,,,,,N,N,公开
DF1000011785,立项情况,QE07,VARCHAR,N,N,,,200,,TB11632018,SR10422013.DB10562012.TB11632018.DF1000011785,kejiting,20-MAR-18 01.27.07.216000000 PM,,,,,千元,N,N,公开
DF1000011786,质量标准,QE08,VARCHAR,N,N,,,200,,TB11632018,SR10422013.DB10562012.TB11632018.DF1000011786,kejiting,20-MAR-18 01.27.07.231000000 PM,,,,,千元,N,N,公开
DF1000011787,核心知识产权,QE09,VARCHAR,N,N,,,200,,TB11632018,SR10422013.DB10562012.TB11632018.DF1000011787,kejiting,20-MAR-18 01.27.07.247000000 PM,,,,,个,N,N,公开
DF1000011788,投产年份,QE11,VARCHAR,N,N,,,200,,TB11632018,SR10422013.DB10562012.TB11632018.DF1000011788,kejiting,20-MAR-18 01.27.07.263000000 PM,,,,,个,N,N,公开
DF1000011789,国际合作形式,QE12,VARCHAR,N,N,,,200,,TB11632018,SR10422013.DB10562012.TB11632018.DF1000011789,kejiting,20-MAR-18 01.27.07.263000000 PM,,,,,千元,N,N,公开
DF1000011790,国内合作单位,QE13,VARCHAR,N,N,,,200,,TB11632018,SR10422013.DB10562012.TB11632018.DF1000011790,kejiting,20-MAR-18 01.27.07.278000000 PM,,,,,人,N,N,公开
DF1000011791,全年产品产值(千元),QE14,VARCHAR,N,N,,,200,,TB11632018,SR10422013.DB10562012.TB11632018.DF1000011791,kejiting,20-MAR-18 01.27.07.294000000 PM,,,,,人,N,N,公开
DF1000011792,全年产品销售收入(千元),QE15,VARCHAR,N,N,,,200,,TB11632018,SR10422013.DB10562012.TB11632018.DF1000011792,kejiting,20-MAR-18 01.27.07.309000000 PM,,,,,人,N,N,公开
DF1000011793,创汇(千美元),QE16,VARCHAR,N,N,,,200,,TB11632018,SR10422013.DB10562012.TB11632018.DF1000011793,kejiting,20-MAR-18 01.27.07.325000000 PM,,,,,平方米,N,N,公开
DF1000011794,主要出口地区,QE17,VARCHAR,N,N,,,200,,TB11632018,SR10422013.DB10562012.TB11632018.DF1000011794,kejiting,20-MAR-18 01.27.07.325000000 PM,,,,,个,N,N,公开
DF1000011795,,QE_ONE,VARCHAR,N,N,,,200,,TB11632018,SR10422013.DB10562012.TB11632018.DF1000011795,kejiting,20-MAR-18 01.27.07.341000000 PM,,,,,个,N,N,公开
DF1000011796,,PXH,VARCHAR,N,N,,,200,,TB11632018,SR10422013.DB10562012.TB11632018.DF1000011796,kejiting,20-MAR-18 01.27.07.356000000 PM,,,,,,N,N,公开
DF1000012030,主键,ID,NUMBER,Y,N,N,Y,,,TB11662018,SR10422013.DB10562012.TB11662018.DF1000012030,kejiting,20-MAR-18 01.59.21.186000000 PM,7,30,,,,N,N,公开
DF1000012031,,ID1,VARCHAR,N,N,,,200,,TB11662018,SR10422013.DB10562012.TB11662018.DF1000012031,kejiting,20-MAR-18 01.59.21.217000000 PM,,,,,,N,N,公开
DF1000012032,报表编号,QA01,VARCHAR,N,N,,,200,,TB11662018,SR10422013.DB10562012.TB11662018.DF1000012032,kejiting,20-MAR-18 01.59.21.248000000 PM,,,,,,N,N,公开
DF1000012033,产品名称1,QE01,VARCHAR,N,N,,,200,,TB11662018,SR10422013.DB10562012.TB11662018.DF1000012033,kejiting,20-MAR-18 01.59.21.280000000 PM,,,,,,N,N,公开
DF1000027783,调研企业数量,CG0811,VARCHAR,N,N,,,200,,TB15792018,SR10422029.DB11202015.TB15792018.DF1000027783,admin,14-JUL-18 08.58.04.000000000 PM,,,,,家,N,N,公开
DF1000029084,获省部级以上奖励,CG003,VARCHAR,N,N,,,200,,TB16032018,SR10422029.DB11212015.TB16032018.DF1000029084,kejiting,15-JUL-18 04.57.18.000000000 PM,,,,,项,N,N,公开
DF1000029107,省部级科研项目-实际到位资金,CG052,VARCHAR,N,N,,,200,,TB16032018,SR10422029.DB11212015.TB16032018.DF1000029107,kejiting,15-JUL-18 04.57.18.000000000 PM,,,,,   千元,N,N,公开
DF1000029108,社会效益,CG053,VARCHAR,N,N,,,200,,TB16032018,SR10422029.DB11212015.TB16032018.DF1000029108,kejiting,15-JUL-18 04.57.18.000000000 PM,,,,,,N,N,公开
DF1000029109,培养研究生总计,CG060,VARCHAR,N,N,,,200,,TB16032018,SR10422029.DB11212015.TB16032018.DF1000029109,kejiting,15-JUL-18 04.57.18.000000000 PM,,,,,人,N,N,公开
DF1000029110,培养研究生总计-博士研究生,CG061,VARCHAR,N,N,,,200,,TB16032018,SR10422029.DB11212015.TB16032018.DF1000029110,kejiting,15-JUL-18 04.57.18.000000000 PM,,,,,人,N,N,公开
DF1000029111,培养研究生总计-硕士研究生,CG062,VARCHAR,N,N,,,200,,TB16032018,SR10422029.DB11212015.TB16032018.DF1000029111,kejiting,15-JUL-18 04.57.18.000000000 PM,,,,,人,N,N,公开
DF1000029112,培训专业技术人员,CG070,VARCHAR,N,N,,,200,,TB16032018,SR10422029.DB11212015.TB16032018.DF1000029112,kejiting,15-JUL-18 04.57.18.000000000 PM,,,,,人次,N,N,公开
DF1000029113,形成的技术（或产品）标准,CG080,VARCHAR,N,N,,,200,,TB16032018,SR10422029.DB11212015.TB16032018.DF1000029113,kejiting,15-JUL-18 04.57.18.000000000 PM,,,,,项,N,N,公开
DF1000029114,形成的技术（或产品）标准 -国际标准,CG081,VARCHAR,N,N,,,200,,TB16032018,SR10422029.DB11212015.TB16032018.DF1000029114,kejiting,15-JUL-18 04.57.18.000000000 PM,,,,,项,N,N,公开
DF1000029115,形成的技术（或产品）标准-国家标准,CG082,VARCHAR,N,N,,,200,,TB16032018,SR10422029.DB11212015.TB16032018.DF1000029115,kejiting,15-JUL-18 04.57.18.000000000 PM,,,,,项,N,N,公开
DF1000029116,形成的技术（或产品）标准-行业标准,CG083,VARCHAR,N,N,,,200,,TB16032018,SR10422029.DB11212015.TB16032018.DF1000029116,kejiting,15-JUL-18 04.57.18.000000000 PM,,,,,项,N,N,公开
DF1000029117,培养研究生总计-企业标准,CG084,VARCHAR,N,N,,,200,,TB16032018,SR10422029.DB11212015.TB16032018.DF1000029117,kejiting,15-JUL-18 04.57.18.000000000 PM,,,,,项,N,N,公开
DF1000029118,人才培养数,CG090,VARCHAR,N,N,,,200,,TB16032018,SR10422029.DB11212015.TB16032018.DF1000029118,kejiting,15-JUL-18 04.57.18.000000000 PM,,,,,人,N,N,公开
DF1000029119,人才培养数-取得博士学位,CG091,VARCHAR,N,N,,,200,,TB16032018,SR10422029.DB11212015.TB16032018.DF1000029119,kejiting,15-JUL-18 04.57.18.000000000 PM,,,,,人,N,N,公开
DF1000029120,人才培养数-取得硕士学位,CG092,VARCHAR,N,N,,,200,,TB16032018,SR10422029.DB11212015.TB16032018.DF1000029120,kejiting,15-JUL-18 04.57.18.000000000 PM,,,,,人,N,N,公开
DF1000029121,学术会议交流,CG101,VARCHAR,N,N,,,200,,TB16032018,SR10422029.DB11212015.TB16032018.DF1000029121,kejiting,15-JUL-18 04.57.18.000000000 PM,,,,,次,N,N,公开
DF1000029122,学术会议交流-国际会议,CG102,VARCHAR,N,N,,,200,,TB16032018,SR10422029.DB11212015.TB16032018.DF1000029122,kejiting,15-JUL-18 04.57.18.000000000 PM,,,,,次,N,N,公开
DF1000029123,学术会议交流-国内会议,CG103,VARCHAR,N,N,,,200,,TB16032018,SR10422029.DB11212015.TB16032018.DF1000029123,kejiting,15-JUL-18 04.57.18.000000000 PM,,,,,次,N,N,公开
DF1000029124,获得奖项,CG110,VARCHAR,N,N,,,200,,TB16032018,SR10422029.DB11212015.TB16032018.DF1000029124,kejiting,15-JUL-18 04.57.18.000000000 PM,,,,,项,N,N,公开
DF1000029125,获得奖项-国家级奖,CG111,VARCHAR,N,N,,,200,,TB16032018,SR10422029.DB11212015.TB16032018.DF1000029125,kejiting,15-JUL-18 04.57.18.000000000 PM,,,,,项,N,N,公开
DF1000029126,获得奖项-省部级奖,CG112,VARCHAR,N,N,,,200,,TB16032018,SR10422029.DB11212015.TB16032018.DF1000029126,kejiting,15-JUL-18 04.57.18.000000000 PM,,,,,项,N,N,公开
DF1000029127,获得奖项-厅、市级奖,CG113,VARCHAR,N,N,,,200,,TB16032018,SR10422029.DB11212015.TB16032018.DF1000029127,kejiting,15-JUL-18 04.57.18.000000000 PM,,,,,项,N,N,公开
DF1000029128,合作研究,CG120,VARCHAR,N,N,,,200,,TB16032018,SR10422029.DB11212015.TB16032018.DF1000029128,kejiting,15-JUL-18 04.57.18.000000000 PM,,,,,项,N,N,公开
DF1000029129,合作研究-国际合作,CG121,VARCHAR,N,N,,,200,,TB16032018,SR10422029.DB11212015.TB16032018.DF1000029129,kejiting,15-JUL-18 04.57.18.000000000 PM,,,,,项,N,N,公开
DF1000029130,合作研究-国内合作,CG122,VARCHAR,N,N,,,200,,TB16032018,SR10422029.DB11212015.TB16032018.DF1000029130,kejiting,15-JUL-18 04.57.18.000000000 PM,,,,,项,N,N,公开
DF1000029131,完成研究报告,CG200,VARCHAR,N,N,,,200,,TB16032018,SR10422029.DB11212015.TB16032018.DF1000029131,kejiting,15-JUL-18 04.57.18.000000000 PM,,,,,篇,N,N,公开
DF1000029132,举办培训班,CG201,VARCHAR,N,N,,,200,,TB16032018,SR10422029.DB11212015.TB16032018.DF1000029132,kejiting,15-JUL-18 04.57.18.000000000 PM,,,,,期,N,N,公开
DF1000029133,建立试验示范区（基地）,CG202,VARCHAR,N,N,,,200,,TB16032018,SR10422029.DB11212015.TB16032018.DF1000029133,kejiting,15-JUL-18 04.57.18.000000000 PM,,,,,个,N,N,公开
DF1000029134,建立中试线,CG203,VARCHAR,N,N,,,200,,TB16032018,SR10422029.DB11212015.TB16032018.DF1000029134,kejiting,15-JUL-18 04.57.18.000000000 PM,,,,,条,N,N,公开
DF1000010825,区域,SAREA,VARCHAR,N,N,,,200,,TB11522018,SR10422013.DB10522016.TB11522018.DF1000010825,kejiting,19-MAR-18 01.44.04.037000000 PM,,,,,,河北省,2016年,公开
DF1000010826,省市,SPROS,VARCHAR,N,N,,,200,,TB11522018,SR10422013.DB10522016.TB11522018.DF1000010826,kejiting,19-MAR-18 01.44.04.052000000 PM,,,,,,河北省,2016年,公开
DF1000029135,建立示范区（基地）规模,CG204,VARCHAR,N,N,,,200,,TB16032018,SR10422029.DB11212015.TB16032018.DF1000029135,kejiting,15-JUL-18 04.57.18.000000000 PM,,,,,亩/头,N,N,公开
DF1000029136,其中：学术论文,CG300,VARCHAR,N,N,,,200,,TB16032018,SR10422029.DB11212015.TB16032018.DF1000029136,kejiting,15-JUL-18 04.57.18.000000000 PM,,,,,,N,N,公开
DF1000029137,本单位应用该成果在本年取得的直接经济效益合计,XY001,VARCHAR,N,N,,,200,,TB16032018,SR10422029.DB11212015.TB16032018.DF1000029137,kejiting,15-JUL-18 04.57.18.000000000 PM,,,,, 千元,N,N,公开
DF1000012694,年末资产总计_其中：流动资产合计,QC25,VARCHAR,N,N,,,200,,TB11732018,SR10422013.DB10532014.TB11732018.DF1000012694,kejiting,22-MAR-18 11.09.44.529000000 AM,,,,,千元,N,N,公开
DF1000012695,年末资产总计_其中：固定资产合计,QC27,VARCHAR,N,N,,,200,,TB11732018,SR10422013.DB10532014.TB11732018.DF1000012695,kejiting,22-MAR-18 11.09.44.529000000 AM,,,,,千元,N,N,公开
DF1000012696,年末资产总计_其中：固定资产原价,QC28,VARCHAR,N,N,,,200,,TB11732018,SR10422013.DB10532014.TB11732018.DF1000012696,kejiting,22-MAR-18 11.09.44.544000000 AM,,,,,千元,N,N,公开
DF1000012697,年末资产总计_其中：累计折旧,QC65,VARCHAR,N,N,,,200,,TB11732018,SR10422013.DB10532014.TB11732018.DF1000012697,kejiting,22-MAR-18 11.09.44.544000000 AM,,,,,千元,N,N,公开
DF1000012698,年末资产总计_其中：累计折旧_其中：本年折旧,QC61,VARCHAR,N,N,,,200,,TB11732018,SR10422013.DB10532014.TB11732018.DF1000012698,kejiting,22-MAR-18 11.09.44.560000000 AM,,,,,千元,N,N,公开
DF1000012699,年末资产总计_其中：无形资产,QC30,VARCHAR,N,N,,,200,,TB11732018,SR10422013.DB10532014.TB11732018.DF1000012699,kejiting,22-MAR-18 11.09.44.560000000 AM,,,,,千元,N,N,公开
DF1000012700,年末负债合计,QC31,VARCHAR,N,N,,,200,,TB11732018,SR10422013.DB10532014.TB11732018.DF1000012700,kejiting,22-MAR-18 11.09.44.576000000 AM,,,,,千元,N,N,公开
DF1000012701,年末所有者权益（股东权益）,QC33,VARCHAR,N,N,,,200,,TB11732018,SR10422013.DB10532014.TB11732018.DF1000012701,kejiting,22-MAR-18 11.09.44.576000000 AM,,,,,千元,N,N,公开
DF1000012702,年末所有者权益（股东权益）_其中：实收资本（股本）,QC34,VARCHAR,N,N,,,200,,TB11732018,SR10422013.DB10532014.TB11732018.DF1000012702,kejiting,22-MAR-18 11.09.44.591000000 AM,,,,,千元,N,N,公开
DF1000012703,年末所有者权益（股东权益）_其中：实收资本（股本）_其中：企业上市股本融资,QC63,VARCHAR,N,N,,,200,,TB11732018,SR10422013.DB10532014.TB11732018.DF1000012703,kejiting,22-MAR-18 11.09.44.591000000 AM,,,,,千元,N,N,公开
DF1000012704,年末所有者权益（股东权益）_其中：实收资本（股本）_其中：企业上市股本融资_其中：企业海外上市融资股本,QC50,VARCHAR,N,N,,,200,,TB11732018,SR10422013.DB10532014.TB11732018.DF1000012704,kejiting,22-MAR-18 11.09.44.607000000 AM,,,,,千元,N,N,公开
DF1000029106,自身收益,CG051,VARCHAR,N,N,,,200,,TB16032018,SR10422029.DB11212015.TB16032018.DF1000029106,kejiting,15-JUL-18 04.57.18.000000000 PM,,,,,项,N,N,公开
DF1000027444,预期目标,JS51,VARCHAR,N,N,,,200,,TB15742018,SR10422029.DB11202015.TB15742018.DF1000027444,admin,14-JUL-18 08.24.20.000000000 PM,,,,,千元,N,N,公开
DF1000027445,建成后对区域科技体系的贡献,JS52,VARCHAR,N,N,,,200,,TB15742018,SR10422029.DB11202015.TB15742018.DF1000027445,admin,14-JUL-18 08.24.20.000000000 PM,,,,,千元,N,N,公开
DF1000027446,上传图片一,IMG1,VARCHAR,N,N,,,200,,TB15742018,SR10422029.DB11202015.TB15742018.DF1000027446,admin,14-JUL-18 08.24.20.000000000 PM,,,,,,N,N,公开
DF1000027447,上传图片二,IMG2,VARCHAR,N,N,,,200,,TB15742018,SR10422029.DB11202015.TB15742018.DF1000027447,admin,14-JUL-18 08.24.20.000000000 PM,,,,,千元,N,N,公开
DF1000027448,上传图片三,IMG3,VARCHAR,N,N,,,200,,TB15742018,SR10422029.DB11202015.TB15742018.DF1000027448,admin,14-JUL-18 08.24.20.000000000 PM,,,,,千元,N,N,公开
DF1000027449,项目负责人-从事专业,GK381,VARCHAR,N,N,,,200,,TB15742018,SR10422029.DB11202015.TB15742018.DF1000027449,admin,14-JUL-18 08.24.20.000000000 PM,,,,,,N,N,公开
DF1000027450,研究院院长-从事专业,GK382,VARCHAR,N,N,,,200,,TB15742018,SR10422029.DB11202015.TB15742018.DF1000027450,admin,14-JUL-18 08.24.20.000000000 PM,,,,,千元,N,N,公开
DF1000027451,项目研发平台（重点实验室、工程中心、企业研发中心）搭建及设备购置情况,MS02,VARCHAR,N,N,,,200,,TB15742018,SR10422029.DB11202015.TB15742018.DF1000027451,admin,14-JUL-18 08.24.20.000000000 PM,,,,,千元,N,N,公开
DF1000027452,产学研结合情况,MS03,VARCHAR,N,N,,,200,,TB15742018,SR10422029.DB11202015.TB15742018.DF1000027452,admin,14-JUL-18 08.24.20.000000000 PM,,,,,千元,N,N,公开
DF1000027453,产业化阶段成效、存在问题及建议,MS04,VARCHAR,N,N,,,200,,TB15742018,SR10422029.DB11202015.TB15742018.DF1000027453,admin,14-JUL-18 08.24.20.000000000 PM,,,,,,N,N,公开
DF1000027454,研究院性质,GK961,VARCHAR,N,N,,,200,,TB15742018,SR10422029.DB11202015.TB15742018.DF1000027454,admin,14-JUL-18 08.24.20.000000000 PM,,,,,千元,N,N,公开
DF1000011967,（三）企业内部用于科技活动的非政府经费当年形成的固定资产,QJ250,VARCHAR,N,N,,,200,,TB11652018,SR10422013.DB10562012.TB11652018.DF1000011967,kejiting,20-MAR-18 01.54.23.636000000 PM,,,,,千元,N,N,公开
DF1000010696,减免税总额_其中：增值税,QC18,VARCHAR,N,N,,,200,,TB11522018,SR10422013.DB10522016.TB11522018.DF1000010696,kejiting,19-MAR-18 01.44.03.132000000 PM,,,,,千元,河北省,2016年,公开
DF1000010697,减免税总额_其中：所得税,QC20,VARCHAR,N,N,,,200,,TB11522018,SR10422013.DB10522016.TB11522018.DF1000010697,kejiting,19-MAR-18 01.44.03.132000000 PM,,,,,千元,河北省,2016年,公开
DF1000010698,减免税总额_其中：所得税_其中：享受高新技术企业所得税减免,QC20_1,VARCHAR,N,N,,,200,,TB11522018,SR10422013.DB10522016.TB11522018.DF1000010698,kejiting,19-MAR-18 01.44.03.147000000 PM,,,,,千元,河北省,2016年,公开
DF1000010699,减免税总额_其中：所得税_其中：研发加计扣除所得税减免,QC20_2,VARCHAR,N,N,,,200,,TB11522018,SR10422013.DB10522016.TB11522018.DF1000010699,kejiting,19-MAR-18 01.44.03.147000000 PM,,,,,千元,河北省,2016年,公开
DF1000010700,减免税总额_其中：所得税_其中：技术转让所得税减免,QC20_3,VARCHAR,N,N,,,200,,TB11522018,SR10422013.DB10522016.TB11522018.DF1000010700,kejiting,19-MAR-18 01.44.03.147000000 PM,,,,,千元,河北省,2016年,公开
DF1000010701,应交增值税,QC62,VARCHAR,N,N,,,200,,TB11522018,SR10422013.DB10522016.TB11522018.DF1000010701,kejiting,19-MAR-18 01.44.03.163000000 PM,,,,,千元,河北省,2016年,公开
DF1000010702,本年应付职工薪酬（本年贷方累计发生额）,QC51,VARCHAR,N,N,,,200,,TB11522018,SR10422013.DB10522016.TB11522018.DF1000010702,kejiting,19-MAR-18 01.44.03.163000000 PM,,,,,千元,河北省,2016年,公开
DF1000010703,年末资产总计,QC24,VARCHAR,N,N,,,200,,TB11522018,SR10422013.DB10522016.TB11522018.DF1000010703,kejiting,19-MAR-18 01.44.03.179000000 PM,,,,,千元,河北省,2016年,公开
DF1000010704,年末资产总计_其中：流动资产合计,QC25,VARCHAR,N,N,,,200,,TB11522018,SR10422013.DB10522016.TB11522018.DF1000010704,kejiting,19-MAR-18 01.44.03.179000000 PM,,,,,千元,河北省,2016年,公开
DF1000010705,年末资产总计_其中：固定资产合计,QC27,VARCHAR,N,N,,,200,,TB11522018,SR10422013.DB10522016.TB11522018.DF1000010705,kejiting,19-MAR-18 01.44.03.194000000 PM,,,,,千元,河北省,2016年,公开
DF1000010706,年末资产总计_其中：累计折旧,QC65,VARCHAR,N,N,,,200,,TB11522018,SR10422013.DB10522016.TB11522018.DF1000010706,kejiting,19-MAR-18 01.44.03.194000000 PM,,,,,千元,河北省,2016年,公开
DF1000010707,年末资产总计_其中：累计折旧_其中：本年折旧,QC61,VARCHAR,N,N,,,200,,TB11522018,SR10422013.DB10522016.TB11522018.DF1000010707,kejiting,19-MAR-18 01.44.03.210000000 PM,,,,,千元,河北省,2016年,公开
DF1000010708,年末资产总计_其中：无形资产,QC30,VARCHAR,N,N,,,200,,TB11522018,SR10422013.DB10522016.TB11522018.DF1000010708,kejiting,19-MAR-18 01.44.03.210000000 PM,,,,,千元,河北省,2016年,公开
DF1000010709,年末负债合计,QC31,VARCHAR,N,N,,,200,,TB11522018,SR10422013.DB10522016.TB11522018.DF1000010709,kejiting,19-MAR-18 01.44.03.225000000 PM,,,,,千元,河北省,2016年,公开
DF1000010710,年末所有者权益（股东权益）,QC33,VARCHAR,N,N,,,200,,TB11522018,SR10422013.DB10522016.TB11522018.DF1000010710,kejiting,19-MAR-18 01.44.03.225000000 PM,,,,,千元,河北省,2016年,公开
DF1000010711,年末所有者权益（股东权益）_其中：实收资本（股本）,QC34,VARCHAR,N,N,,,200,,TB11522018,SR10422013.DB10522016.TB11522018.DF1000010711,kejiting,19-MAR-18 01.44.03.241000000 PM,,,,,千元,河北省,2016年,公开
DF1000010712,年末所有者权益（股东权益）_其中：实收资本（股本）_其中：企业上市融资股本,QC63,VARCHAR,N,N,,,200,,TB11522018,SR10422013.DB10522016.TB11522018.DF1000010712,kejiting,19-MAR-18 01.44.03.241000000 PM,,,,,千元,河北省,2016年,公开
DF1000010713,年末所有者权益（股东权益）_其中：实收资本（股本）_其中：企业上市融资股本_其中：企业海外上市融资股本,QC50,VARCHAR,N,N,,,200,,TB11522018,SR10422013.DB10522016.TB11522018.DF1000010713,kejiting,19-MAR-18 01.44.03.241000000 PM,,,,,千元,河北省,2016年,公开
DF1000010714,当年获得创业风险投资机构的风险投资额,QC226,VARCHAR,N,N,,,200,,TB11522018,SR10422013.DB10522016.TB11522018.DF1000010714,kejiting,19-MAR-18 01.44.03.257000000 PM,,,,,千元,河北省,2016年,公开
DF1000010715,对境外直接投资额,QC39,VARCHAR,N,N,,,200,,TB11522018,SR10422013.DB10522016.TB11522018.DF1000010715,kejiting,19-MAR-18 01.44.03.257000000 PM,,,,,千元,河北省,2016年,公开
DF1000010716,本年完成固定资产投资额,QC40,VARCHAR,N,N,,,200,,TB11522018,SR10422013.DB10522016.TB11522018.DF1000010716,kejiting,19-MAR-18 01.44.03.272000000 PM,,,,,千元,河北省,2016年,公开
DF1000010717,规模以上工业企业及重点耗能企业综合能源消费量,QC41,VARCHAR,N,N,,,200,,TB11522018,SR10422013.DB10522016.TB11522018.DF1000010717,kejiting,19-MAR-18 01.44.03.272000000 PM,,,,,吨标准煤,河北省,2016年,公开
DF1000010718,从业人员期末人数,QD01,VARCHAR,N,N,,,200,,TB11522018,SR10422013.DB10522016.TB11522018.DF1000010718,kejiting,19-MAR-18 01.44.03.288000000 PM,,,,,人,河北省,2016年,公开
DF1000010719,从业人员期末人数_其中：留学归国人员,QD03,VARCHAR,N,N,,,200,,TB11522018,SR10422013.DB10522016.TB11522018.DF1000010719,kejiting,19-MAR-18 01.44.03.288000000 PM,,,,,人,河北省,2016年,公开
DF1000010720,从业人员期末人数_其中：外籍常驻人员,QD25,VARCHAR,N,N,,,200,,TB11522018,SR10422013.DB10522016.TB11522018.DF1000010720,kejiting,19-MAR-18 01.44.03.303000000 PM,,,,,人,河北省,2016年,公开
DF1000010721,从业人员期末人数_其中：引进外籍专家,QD21,VARCHAR,N,N,,,200,,TB11522018,SR10422013.DB10522016.TB11522018.DF1000010721,kejiting,19-MAR-18 01.44.03.303000000 PM,,,,,人,河北省,2016年,公开
DF1000010722,从业人员期末人数_其中：当年新增从业人员,QD26,VARCHAR,N,N,,,200,,TB11522018,SR10422013.DB10522016.TB11522018.DF1000010722,kejiting,19-MAR-18 01.44.03.319000000 PM,,,,,人,河北省,2016年,公开
DF1000010723,从业人员期末人数_其中：当年新增从业人员_其中:吸纳高校应届毕业生,QD14,VARCHAR,N,N,,,200,,TB11522018,SR10422013.DB10522016.TB11522018.DF1000010723,kejiting,19-MAR-18 01.44.03.319000000 PM,,,,,人,河北省,2016年,公开
DF1000027455,是否独立核算,GK971,VARCHAR,N,N,,,200,,TB15742018,SR10422029.DB11202015.TB15742018.DF1000027455,admin,14-JUL-18 08.24.20.000000000 PM,,,,,千元,N,N,公开
DF1000014075,从网上获得信息机时,IU042,VARCHAR,N,N,,,200,,TB11862018,SR10422014.DB10582015.TB11862018.DF1000014075,kejiting,27-MAR-18 09.31.03.233000000 AM,,,,,小时,N,N,公开
DF1000014076,从网上获得信息信息量,IU043,VARCHAR,N,N,,,200,,TB11862018,SR10422014.DB10582015.TB11862018.DF1000014076,kejiting,27-MAR-18 09.31.03.235000000 AM,,,,,兆字节,N,N,公开
DF1000014077,向网上发布信息次数,IU051,VARCHAR,N,N,,,200,,TB11862018,SR10422014.DB10582015.TB11862018.DF1000014077,kejiting,27-MAR-18 09.31.03.237000000 AM,,,,,次,N,N,公开
DF1000014078,向网上发布信息机时,IU052,VARCHAR,N,N,,,200,,TB11862018,SR10422014.DB10582015.TB11862018.DF1000014078,kejiting,27-MAR-18 09.31.03.239000000 AM,,,,,小时,N,N,公开
DF1000014079,向网上发布信息信息量,IU053,VARCHAR,N,N,,,200,,TB11862018,SR10422014.DB10582015.TB11862018.DF1000014079,kejiting,27-MAR-18 09.31.03.242000000 AM,,,,,兆字节,N,N,公开
DF1000014801,四、本年培养博士毕业生_其他（含继续深造及待定）,PB4150,VARCHAR,N,N,,,200,,TB12022018,SR10422014.DB10592014.TB12022018.DF1000014801,kejiting,27-MAR-18 02.36.11.484000000 PM,,,,,人,N,N,公开
DF1000014802,五、本年培养硕士毕业生,PB4200,VARCHAR,N,N,,,200,,TB12022018,SR10422014.DB10592014.TB12022018.DF1000014802,kejiting,27-MAR-18 02.36.11.486000000 PM,,,,,人,N,N,公开
DF1000014803,五、本年培养硕士毕业生_毕业去研究院所工作,PB4210,VARCHAR,N,N,,,200,,TB12022018,SR10422014.DB10592014.TB12022018.DF1000014803,kejiting,27-MAR-18 02.36.11.489000000 PM,,,,,人,N,N,公开
DF1000014804,五、本年培养硕士毕业生_毕业去企业工作,PB4220,VARCHAR,N,N,,,200,,TB12022018,SR10422014.DB10592014.TB12022018.DF1000014804,kejiting,27-MAR-18 02.36.11.491000000 PM,,,,,人,N,N,公开
DF1000014805,五、本年培养硕士毕业生_毕业去高等学校工作,PB4230,VARCHAR,N,N,,,200,,TB12022018,SR10422014.DB10592014.TB12022018.DF1000014805,kejiting,27-MAR-18 02.36.11.493000000 PM,,,,,人,N,N,公开
DF1000014806,五、本年培养硕士毕业生_毕业去政府部门工作,PB4240,VARCHAR,N,N,,,200,,TB12022018,SR10422014.DB10592014.TB12022018.DF1000014806,kejiting,27-MAR-18 02.36.11.495000000 PM,,,,,人,N,N,公开
DF1000014807,五、本年培养硕士毕业生_其他（含继续深造及待定）,PB4250,VARCHAR,N,N,,,200,,TB12022018,SR10422014.DB10592014.TB12022018.DF1000014807,kejiting,27-MAR-18 02.36.11.497000000 PM,,,,,人,N,N,公开
DF1000014808,一、根据你所的具体情况选填下列代码,Q10,VARCHAR,N,N,,,200,,TB12022018,SR10422014.DB10592014.TB12022018.DF1000014808,kejiting,27-MAR-18 02.36.11.499000000 PM,,,,,,N,N,公开
DF1000014809,二、如你所已转制或实行社会公益型分类改革，属于下列哪种转制类型？,Q20,VARCHAR,N,N,,,200,,TB12022018,SR10422014.DB10592014.TB12022018.DF1000014809,kejiting,27-MAR-18 02.36.11.501000000 PM,,,,,,N,N,公开
DF1000014810,三、如你所为转制院所或实行社会公益型分类改革院所，属于下列哪种模式？,Q21,VARCHAR,N,N,,,200,,TB12022018,SR10422014.DB10592014.TB12022018.DF1000014810,kejiting,27-MAR-18 02.36.11.504000000 PM,,,,,,N,N,公开
DF1000014811,三、如你所为转制院所或实行社会公益型分类改革院所，属于下列哪种模式？_其他形式请用文字描述,Q22,VARCHAR,N,N,,,200,,TB12022018,SR10422014.DB10592014.TB12022018.DF1000014811,kejiting,27-MAR-18 02.36.11.506000000 PM,,,,,,N,N,公开
DF1000014812,四、转制或改革去向_进入企业或企业集团_进入方式      ,Q31,VARCHAR,N,N,,,200,,TB12022018,SR10422014.DB10592014.TB12022018.DF1000014812,kejiting,27-MAR-18 02.36.11.508000000 PM,,,,,,N,N,公开
DF1000014813,四、转制或改革去向_进入企业或企业集团_企业或企业集团名称,Q32,VARCHAR,N,N,,,200,,TB12022018,SR10422014.DB10592014.TB12022018.DF1000014813,kejiting,27-MAR-18 02.36.11.510000000 PM,,,,,,N,N,公开
DF1000014814,四、转制或改革去向_进入企业或企业集团_企业或企业集团组织机构代码,Q33,VARCHAR,N,N,,,200,,TB12022018,SR10422014.DB10592014.TB12022018.DF1000014814,kejiting,27-MAR-18 02.36.11.512000000 PM,,,,,,N,N,公开
DF1000014815,四、转制或改革去向_进入企业或企业集团_企业或企业集团所在地的行政区划码,Q34,VARCHAR,N,N,,,200,,TB12022018,SR10422014.DB10592014.TB12022018.DF1000014815,kejiting,27-MAR-18 02.36.11.514000000 PM,,,,,,N,N,公开
DF1000014816,四、转制或改革去向_并入高校_并入方式,Q41,VARCHAR,N,N,,,200,,TB12022018,SR10422014.DB10592014.TB12022018.DF1000014816,kejiting,27-MAR-18 02.36.11.517000000 PM,,,,,,N,N,公开
DF1000014817,四、转制或改革去向_并入高校_并入的高校名称,Q42,VARCHAR,N,N,,,200,,TB12022018,SR10422014.DB10592014.TB12022018.DF1000014817,kejiting,27-MAR-18 02.36.11.519000000 PM,,,,,,N,N,公开
DF1000014818,四、转制或改革去向_成为其他部门或机构内的非独立活动单位_并入的部门或机构的名称,Q51,VARCHAR,N,N,,,200,,TB12022018,SR10422014.DB10592014.TB12022018.DF1000014818,kejiting,27-MAR-18 02.36.11.521000000 PM,,,,,,N,N,公开
DF1000014819,四、转制或改革去向_成为其他部门或机构内的非独立活动单位_并入的机构的组织机构代码,Q52,VARCHAR,N,N,,,200,,TB12022018,SR10422014.DB10592014.TB12022018.DF1000014819,kejiting,27-MAR-18 02.36.11.524000000 PM,,,,,,N,N,公开
DF1000014820,四、转制或改革去向_成为其他部门或机构内的非独立活动单位_并入的部门或机构的所在地的行政区划码,Q53,VARCHAR,N,N,,,200,,TB12022018,SR10422014.DB10592014.TB12022018.DF1000014820,kejiting,27-MAR-18 02.36.11.526000000 PM,,,,,,N,N,公开
DF1000014064,信息服务与文献工作_出版印刷科技报告,IF170,VARCHAR,N,N,,,200,,TB11862018,SR10422014.DB10582015.TB11862018.DF1000014064,kejiting,27-MAR-18 09.31.03.209000000 AM,,,,,种,N,N,公开
DF1000014065,数据库检索次数,IU011,VARCHAR,N,N,,,200,,TB11862018,SR10422014.DB10582015.TB11862018.DF1000014065,kejiting,27-MAR-18 09.31.03.211000000 AM,,,,,次,N,N,公开
DF1000013230,一、R&D经费内部支出_（二）R&D基本建设费_按经费来源分：国外资金,RD234,VARCHAR,N,N,,,200,,TB11782018,SR10422014.DB10582015.TB11782018.DF1000013230,kejiting,26-MAR-18 02.59.23.046000000 PM,,,,,千元,N,N,公开
DF1000013231,一、R&D经费内部支出_（二）R&D基本建设费_按经费来源分：其他资金,RD235,VARCHAR,N,N,,,200,,TB11782018,SR10422014.DB10582015.TB11782018.DF1000013231,kejiting,26-MAR-18 02.59.23.048000000 PM,,,,,千元,N,N,公开
DF1000014991,一、人员情况_（一）从业人员（包括招聘人员）_2.从事生产、经营活动人员,PE4010,VARCHAR,N,N,,,200,,TB12082018,SR10422014.DB10592014.TB12082018.DF1000014991,kejiting,27-MAR-18 03.02.09.376000000 PM,,,,,人,N,N,公开
DF1000014992,一、人员情况_（一）从业人员（包括招聘人员）_3.其他人员（医疗、工程设计、教学培训、后勤服务等人员）,PE5010,VARCHAR,N,N,,,200,,TB12082018,SR10422014.DB10592014.TB12082018.DF1000014992,kejiting,27-MAR-18 03.02.09.377000000 PM,,,,,人,N,N,公开
DF1000014993,一、人员情况_（二）外聘的流动学者（编制在其他单位）,PE6010,VARCHAR,N,N,,,200,,TB12082018,SR10422014.DB10592014.TB12082018.DF1000014993,kejiting,27-MAR-18 03.02.09.379000000 PM,,,,,人,N,N,公开
DF1000014994,一、人员情况_（三）招收的非本单位在读研究生,PE7010,VARCHAR,N,N,,,200,,TB12082018,SR10422014.DB10592014.TB12082018.DF1000014994,kejiting,27-MAR-18 03.02.09.381000000 PM,,,,,人,N,N,公开
DF1000014995,一、人员情况_（四）离退休人员总数,PE3010,VARCHAR,N,N,,,200,,TB12082018,SR10422014.DB10592014.TB12082018.DF1000014995,kejiting,27-MAR-18 03.02.09.383000000 PM,,,,,人,N,N,公开
DF1000014996,二、从事科技活动人员按学历与资历分类_从事科技活动人员,PA00,VARCHAR,N,N,,,200,,TB12082018,SR10422014.DB10592014.TB12082018.DF1000014996,kejiting,27-MAR-18 03.02.09.384000000 PM,,,,,人,N,N,公开
DF1000014997,二、从事科技活动人员按学历与资历分类_从事科技活动人员_其中：博士毕业,PA01,VARCHAR,N,N,,,200,,TB12082018,SR10422014.DB10592014.TB12082018.DF1000014997,kejiting,27-MAR-18 03.02.09.386000000 PM,,,,,人,N,N,公开
DF1000014998,二、从事科技活动人员按学历与资历分类_从事科技活动人员_其中：硕士毕业,PA02,VARCHAR,N,N,,,200,,TB12082018,SR10422014.DB10592014.TB12082018.DF1000014998,kejiting,27-MAR-18 03.02.09.388000000 PM,,,,,人,N,N,公开
DF1000014999,二、从事科技活动人员按学历与资历分类_从事科技活动人员_其中：本科毕业,PA04,VARCHAR,N,N,,,200,,TB12082018,SR10422014.DB10592014.TB12082018.DF1000014999,kejiting,27-MAR-18 03.02.09.390000000 PM,,,,,人,N,N,公开
DF1000011767,知识产权获取方式:自主研发,QJ88_1,VARCHAR,N,N,,,200,,TB11622018,SR10422013.DB10562012.TB11622018.DF1000011767,kejiting,20-MAR-18 01.19.50.474000000 PM,,,,,,N,N,公开
DF1000011768,知识产权获取方式:受让,QJ88_2,VARCHAR,N,N,,,200,,TB11622018,SR10422013.DB10562012.TB11622018.DF1000011768,kejiting,20-MAR-18 01.19.50.474000000 PM,,,,,,N,N,公开
DF1000011769,知识产权获取方式:受赠,QJ88_3,VARCHAR,N,N,,,200,,TB11622018,SR10422013.DB10562012.TB11622018.DF1000011769,kejiting,20-MAR-18 01.19.50.490000000 PM,,,,,,N,N,公开
DF1000011770,知识产权获取方式:并购,QJ88_4,VARCHAR,N,N,,,200,,TB11622018,SR10422013.DB10562012.TB11622018.DF1000011770,kejiting,20-MAR-18 01.19.50.490000000 PM,,,,,,N,N,公开
DF1000011771,知识产权获取方式:通过5年以上的独占许可,QJ88_5,VARCHAR,N,N,,,200,,TB11622018,SR10422013.DB10562012.TB11622018.DF1000011771,kejiting,20-MAR-18 01.19.50.506000000 PM,,,,,,N,N,公开
DF1000011772,,QA_ONE,VARCHAR,N,N,,,200,,TB11622018,SR10422013.DB10562012.TB11622018.DF1000011772,kejiting,20-MAR-18 01.19.50.506000000 PM,,,,,,N,N,公开
DF1000011773,,PXH,VARCHAR,N,N,,,200,,TB11622018,SR10422013.DB10562012.TB11622018.DF1000011773,kejiting,20-MAR-18 01.19.50.521000000 PM,,,,,,N,N,公开
DF1000011774,数据代表地域,TB_REGION,VARCHAR,N,N,N,N,200,,TB11622018,SR10422013.DB10562012.TB11622018.DF1000011774,kejiting,20-MAR-18 01.20.28.000000000 PM,,,,,,,,
DF1000011775,数据代表时间,TB_TIME,VARCHAR,N,N,N,N,200,,TB11622018,SR10422013.DB10562012.TB11622018.DF1000011775,kejiting,20-MAR-18 01.20.28.000000000 PM,,,,,,,,
DF1000011797,数据代表地域,TB_REGION,VARCHAR,N,N,N,N,200,,TB11632018,SR10422013.DB10562012.TB11632018.DF1000011797,kejiting,20-MAR-18 01.27.32.000000000 PM,,,,,,,,
DF1000011798,数据代表时间,TB_TIME,VARCHAR,N,N,N,N,200,,TB11632018,SR10422013.DB10562012.TB11632018.DF1000011798,kejiting,20-MAR-18 01.27.32.000000000 PM,,,,,,,,
DF1000011819,数据代表地域,TB_REGION,VARCHAR,N,N,N,N,200,,TB11642018,SR10422013.DB10562012.TB11642018.DF1000011819,kejiting,20-MAR-18 01.41.56.000000000 PM,,,,,,,,
DF1000011820,数据代表时间,TB_TIME,VARCHAR,N,N,N,N,200,,TB11642018,SR10422013.DB10562012.TB11642018.DF1000011820,kejiting,20-MAR-18 01.41.56.000000000 PM,,,,,,,,
DF1000011821,主键,ID,NUMBER,Y,N,N,Y,,,TB11652018,SR10422013.DB10562012.TB11652018.DF1000011821,kejiting,20-MAR-18 01.54.21.920000000 PM,7,30,,,,N,N,公开
DF1000011822,,XRD,VARCHAR,N,N,,,200,,TB11652018,SR10422013.DB10562012.TB11652018.DF1000011822,kejiting,20-MAR-18 01.54.21.935000000 PM,,,,,,N,N,公开
DF1000011823,报表编号,QA01,VARCHAR,N,N,,,200,,TB11652018,SR10422013.DB10562012.TB11652018.DF1000011823,kejiting,20-MAR-18 01.54.21.951000000 PM,,,,,,N,N,公开
DF1000011824,是否填写国家统计局一套表,QA18,VARCHAR,N,N,,,200,,TB11652018,SR10422013.DB10562012.TB11652018.DF1000011824,kejiting,20-MAR-18 01.54.21.951000000 PM,,,,,,N,N,公开
DF1000011825,企业组织机构代码,QA03,VARCHAR,N,N,,,200,,TB11652018,SR10422013.DB10562012.TB11652018.DF1000011825,kejiting,20-MAR-18 01.54.21.967000000 PM,,,,,,N,N,公开
DF1000011826,行政区划代码,QA19,VARCHAR,N,N,,,200,,TB11652018,SR10422013.DB10562012.TB11652018.DF1000011826,kejiting,20-MAR-18 01.54.21.982000000 PM,,,,,,N,N,公开
DF1000011827,法人性质,QA15,VARCHAR,N,N,,,200,,TB11652018,SR10422013.DB10562012.TB11652018.DF1000011827,kejiting,20-MAR-18 01.54.21.982000000 PM,,,,,,N,N,公开
DF1000011828,企业(单位)详细名称,QA04,VARCHAR,N,N,,,200,,TB11652018,SR10422013.DB10562012.TB11652018.DF1000011828,kejiting,20-MAR-18 01.54.21.998000000 PM,,,,,,N,N,公开
DF1000011829,企业(单位)通讯地址,QA05,VARCHAR,N,N,,,200,,TB11652018,SR10422013.DB10562012.TB11652018.DF1000011829,kejiting,20-MAR-18 01.54.21.998000000 PM,,,,,,N,N,公开
DF1000011830,邮政编码,QA06,VARCHAR,N,N,,,200,,TB11652018,SR10422013.DB10562012.TB11652018.DF1000011830,kejiting,20-MAR-18 01.54.22.013000000 PM,,,,,,N,N,公开
DF1000011831,企业(单位)注册地址,QA07,VARCHAR,N,N,,,200,,TB11652018,SR10422013.DB10562012.TB11652018.DF1000011831,kejiting,20-MAR-18 01.54.22.029000000 PM,,,,,,N,N,公开
DF1000011832,E-mail,QA13,VARCHAR,N,N,,,200,,TB11652018,SR10422013.DB10562012.TB11652018.DF1000011832,kejiting,20-MAR-18 01.54.22.029000000 PM,,,,,,N,N,公开
DF1000011833,传真,QA10,VARCHAR,N,N,,,200,,TB11652018,SR10422013.DB10562012.TB11652018.DF1000011833,kejiting,20-MAR-18 01.54.22.045000000 PM,,,,,,N,N,公开
DF1000011834,企业负责人,QA08,VARCHAR,N,N,,,200,,TB11652018,SR10422013.DB10562012.TB11652018.DF1000011834,kejiting,20-MAR-18 01.54.22.045000000 PM,,,,,,N,N,公开
DF1000011835,填报人(签章) ,QA11,VARCHAR,N,N,,,200,,TB11652018,SR10422013.DB10562012.TB11652018.DF1000011835,kejiting,20-MAR-18 01.54.22.060000000 PM,,,,,,N,N,公开
DF1000011836,填报人电话,QA17,VARCHAR,N,N,,,200,,TB11652018,SR10422013.DB10562012.TB11652018.DF1000011836,kejiting,20-MAR-18 01.54.22.060000000 PM,,,,,,N,N,公开
DF1000011837,联系电话,QA09,VARCHAR,N,N,,,200,,TB11652018,SR10422013.DB10562012.TB11652018.DF1000011837,kejiting,20-MAR-18 01.54.22.076000000 PM,,,,,,N,N,公开
DF1000011838,填报时间,QA12,VARCHAR,N,N,,,200,,TB11652018,SR10422013.DB10562012.TB11652018.DF1000011838,kejiting,20-MAR-18 01.54.22.076000000 PM,,,,,,N,N,公开
DF1000011839,网址,QA14,VARCHAR,N,N,,,200,,TB11652018,SR10422013.DB10562012.TB11652018.DF1000011839,kejiting,20-MAR-18 01.54.22.091000000 PM,,,,,,N,N,公开
DF1000011840,企业隶属关系,QB101,VARCHAR,N,N,,,200,,TB11652018,SR10422013.DB10562012.TB11652018.DF1000011840,kejiting,20-MAR-18 01.54.22.091000000 PM,,,,,,N,N,公开
DF1000011841,是否高新区管委会直属,QB101_1,VARCHAR,N,N,,,200,,TB11652018,SR10422013.DB10562012.TB11652018.DF1000011841,kejiting,20-MAR-18 01.54.22.107000000 PM,,,,,,N,N,公开
DF1000011842,行业类别,QB02,VARCHAR,N,N,,,200,,TB11652018,SR10422013.DB10562012.TB11652018.DF1000011842,kejiting,20-MAR-18 01.54.22.107000000 PM,,,,,,N,N,公开
DF1000011843,行业代码,QB03,VARCHAR,N,N,,,200,,TB11652018,SR10422013.DB10562012.TB11652018.DF1000011843,kejiting,20-MAR-18 01.54.22.123000000 PM,,,,,,N,N,公开
DF1000011844,企业注册时间,QB04,VARCHAR,N,N,,,200,,TB11652018,SR10422013.DB10562012.TB11652018.DF1000011844,kejiting,20-MAR-18 01.54.22.123000000 PM,,,,,,N,N,公开
DF1000011845,注册资金是否大于500万,QB04_1,VARCHAR,N,N,,,200,,TB11652018,SR10422013.DB10562012.TB11652018.DF1000011845,kejiting,20-MAR-18 01.54.22.138000000 PM,,,,,,N,N,公开
DF1000011846,企业登记注册类型,QB06,VARCHAR,N,N,,,200,,TB11652018,SR10422013.DB10562012.TB11652018.DF1000011846,kejiting,20-MAR-18 01.54.22.154000000 PM,,,,,,N,N,公开
DF1000011847,企业进区,QB07,VARCHAR,N,N,,,200,,TB11652018,SR10422013.DB10562012.TB11652018.DF1000011847,kejiting,20-MAR-18 01.54.22.154000000 PM,,,,,,N,N,公开
DF1000011848,进区时间,QB08,VARCHAR,N,N,,,200,,TB11652018,SR10422013.DB10562012.TB11652018.DF1000011848,kejiting,20-MAR-18 01.54.22.169000000 PM,,,,,,N,N,公开
DF1000011849,企业集团的成员企业,QB09,VARCHAR,N,N,,,200,,TB11652018,SR10422013.DB10562012.TB11652018.DF1000011849,kejiting,20-MAR-18 01.54.22.169000000 PM,,,,,,N,N,公开
DF1000011850,请填直接上级法人单位组织机构,QB10,VARCHAR,N,N,,,200,,TB11652018,SR10422013.DB10562012.TB11652018.DF1000011850,kejiting,20-MAR-18 01.54.22.185000000 PM,,,,,,N,N,公开
DF1000011851,企业认定,QB11,VARCHAR,N,N,,,200,,TB11652018,SR10422013.DB10562012.TB11652018.DF1000011851,kejiting,20-MAR-18 01.54.22.185000000 PM,,,,,,N,N,公开
DF1000012922,年末资产总计_其中：累计折旧_其中：本年折旧,QC61,VARCHAR,N,N,,,200,,TB11752018,SR10422013.DB10572015.TB11752018.DF1000012922,kejiting,22-MAR-18 11.23.10.137000000 AM,,,,,千元,N,N,公开
DF1000012923,年末资产总计_其中：无形资产,QC30,VARCHAR,N,N,,,200,,TB11752018,SR10422013.DB10572015.TB11752018.DF1000012923,kejiting,22-MAR-18 11.23.10.137000000 AM,,,,,千元,N,N,公开
DF1000012705,当年获得创业风险投资机构的风险投资额,QC226,VARCHAR,N,N,,,200,,TB11732018,SR10422013.DB10532014.TB11732018.DF1000012705,kejiting,22-MAR-18 11.09.44.607000000 AM,,,,,千元,N,N,公开
DF1000012706,对境外直接投资额,QC39,VARCHAR,N,N,,,200,,TB11732018,SR10422013.DB10532014.TB11732018.DF1000012706,kejiting,22-MAR-18 11.09.44.622000000 AM,,,,,千元,N,N,公开
DF1000012707,本年完成固定资产投资额,QC40,VARCHAR,N,N,,,200,,TB11732018,SR10422013.DB10532014.TB11732018.DF1000012707,kejiting,22-MAR-18 11.09.44.622000000 AM,,,,,千元,N,N,公开
DF1000012708,规模以上工业企业综合能源消费量(煤炭、石油、天然气、电等),QC41,VARCHAR,N,N,,,200,,TB11732018,SR10422013.DB10532014.TB11732018.DF1000012708,kejiting,22-MAR-18 11.09.44.622000000 AM,,,,,吨标准煤,N,N,公开
DF1000012709,从业人员期末人数,QD01,VARCHAR,N,N,,,200,,TB11732018,SR10422013.DB10532014.TB11732018.DF1000012709,kejiting,22-MAR-18 11.09.44.638000000 AM,,,,,人,N,N,公开
DF1000012710,从业人员期末人数_其中：留学归国人数,QD03,VARCHAR,N,N,,,200,,TB11732018,SR10422013.DB10532014.TB11732018.DF1000012710,kejiting,22-MAR-18 11.09.44.638000000 AM,,,,,人,N,N,公开
DF1000012711,从业人员期末人数_其中：留学归国人数_其中：硕士以上,QD04,VARCHAR,N,N,,,200,,TB11732018,SR10422013.DB10532014.TB11732018.DF1000012711,kejiting,22-MAR-18 11.09.44.654000000 AM,,,,,人,N,N,公开
DF1000012712,从业人员期末人数_其中：工程技术人员,QD23,VARCHAR,N,N,,,200,,TB11732018,SR10422013.DB10532014.TB11732018.DF1000012712,kejiting,22-MAR-18 11.09.44.654000000 AM,,,,,人,N,N,公开
DF1000012713,从业人员期末人数_其中：外籍常驻人员,QD25,VARCHAR,N,N,,,200,,TB11732018,SR10422013.DB10532014.TB11732018.DF1000012713,kejiting,22-MAR-18 11.09.44.669000000 AM,,,,,人,N,N,公开
DF1000012714,从业人员期末人数_其中：引进外籍专家,QD21,VARCHAR,N,N,,,200,,TB11732018,SR10422013.DB10532014.TB11732018.DF1000012714,kejiting,22-MAR-18 11.09.44.669000000 AM,,,,,人,N,N,公开
DF1000012715,从业人员期末人数_其中：当年吸纳高校应届毕业生,QD14,VARCHAR,N,N,,,200,,TB11732018,SR10422013.DB10532014.TB11732018.DF1000012715,kejiting,22-MAR-18 11.09.44.685000000 AM,,,,,人,N,N,公开
DF1000012716,从业人员期末人数_其中：参加社保人数,QD24,VARCHAR,N,N,,,200,,TB11732018,SR10422013.DB10532014.TB11732018.DF1000012716,kejiting,22-MAR-18 11.09.44.685000000 AM,,,,,人,N,N,公开
DF1000012717,从业人员平均人数,QD05,VARCHAR,N,N,,,200,,TB11732018,SR10422013.DB10532014.TB11732018.DF1000012717,kejiting,22-MAR-18 11.09.44.700000000 AM,,,,,人,N,N,公开
DF1000012718,研究生,QD18,VARCHAR,N,N,,,200,,TB11732018,SR10422013.DB10532014.TB11732018.DF1000012718,kejiting,22-MAR-18 11.09.44.700000000 AM,,,,,人,N,N,公开
DF1000012719,研究生_其中：博士,QD06,VARCHAR,N,N,,,200,,TB11732018,SR10422013.DB10532014.TB11732018.DF1000012719,kejiting,22-MAR-18 11.09.44.716000000 AM,,,,,人,N,N,公开
